zcta,county_primary,city_primary,classification,median_home_value_2025,median_home_value_3yr_change_pct,median_rent_1br,median_rent_2br,median_rent_3br,median_rent_4br,rent_growth_12mo_pct,rent_growth_36mo_pct,rent_to_price_ratio_monthly_pct,vacancy_rate,days_on_market_rental,days_on_market_sale,concession_flag_rate_pct,owner_occupied_pct,renter_occupied_pct,single_family_pct,units_1to4_pct,units_5to19_pct,units_20plus_pct,renter_households_est,renter_hh_in_small_portfolio_est,new_construction_pipeline_units_18mo,adu_permits_2019_2024_cumulative,adu_permits_2024_annual,rate_locked_owner_pct_est,mom_avg_rent_growth_yoy_pct,safmr_zori_gap_flag,data_source_notes
98001,King,Auburn,suburban,620000,10.0,1660,1990,2810,3340,4.1,15.2,0.382,5.2,29,22,14.0,58.0,42.0,62,72,12,16,6396,4208,180,42,14,58,4.1,true,MODELED: ZHVI Zillow Q3-2025 ZIP series | SAFMR FY2025 primary; ZORI 2025 re-anchored sanity (re-anchor breaks pre-2024 series) | renter_hh = pop/2.46 * renter_pct | small_portfolio_share = u14%*0.68+u519%*0.18 | rate_locked_owner_pct_est from FHFA NMDB 2024 + Redfin Lock-In Seattle MSA Q4-2024 | CROSS_COUNTY: Zillow ZIP series covers Pierce portion; ADU permits King DLS only | Asking-rent sources may overstate effective rent 5-15% in soft submarkets (DOM>25 or conc>12%) | FLAG asking>effective likely
98002,King,Auburn,suburban,545000,8.0,1660,1990,2810,3340,4.5,16.0,0.434,5.8,27,20,15.5,46.0,54.0,55,66,18,16,8234,5100,210,28,10,52,4.5,true,MODELED: ZHVI Zillow Q3-2025 ZIP series | SAFMR FY2025 primary; ZORI 2025 re-anchored sanity (re-anchor breaks pre-2024 series) | renter_hh = pop/2.46 * renter_pct | small_portfolio_share = u14%*0.68+u519%*0.18 | rate_locked_owner_pct_est from FHFA NMDB 2024 + Redfin Lock-In Seattle MSA Q4-2024 | Asking-rent sources may overstate effective rent 5-15% in soft submarkets (DOM>25 or conc>12%) | FLAG asking>effective likely
98003,King,Federal Way,suburban,565000,9.0,1720,2080,2940,3490,4.0,15.5,0.437,5.5,28,23,13.5,51.0,49.0,58,68,15,17,10282,6477,260,35,12,55,4.0,true,MODELED: ZHVI Zillow Q3-2025 ZIP series | SAFMR FY2025 primary; ZORI 2025 re-anchored sanity (re-anchor breaks pre-2024 series) | renter_hh = pop/2.46 * renter_pct | small_portfolio_share = u14%*0.68+u519%*0.18 | rate_locked_owner_pct_est from FHFA NMDB 2024 + Redfin Lock-In Seattle MSA Q4-2024 | Asking-rent sources may overstate effective rent 5-15% in soft submarkets (DOM>25 or conc>12%) | FLAG asking>effective likely
98004,King,Bellevue,urban,1980000,6.0,2370,3070,4400,5520,3.2,11.0,0.186,6.8,24,18,11.0,53.0,47.0,42,48,18,34,7623,3520,620,58,22,72,3.2,false,MODELED: ZHVI Zillow Q3-2025 ZIP series | SAFMR FY2025 primary; ZORI 2025 re-anchored sanity (re-anchor breaks pre-2024 series) | renter_hh = pop/2.46 * renter_pct | small_portfolio_share = u14%*0.68+u519%*0.18 | rate_locked_owner_pct_est from FHFA NMDB 2024 + Redfin Lock-In Seattle MSA Q4-2024 | Asking-rent sources may overstate effective rent 5-15% in soft submarkets (DOM>25 or conc>12%)
98005,King,Bellevue,suburban,1620000,8.0,2080,2620,3680,4660,3.5,12.5,0.193,5.4,22,17,9.5,62.0,38.0,58,64,14,22,3375,2000,140,46,18,70,3.5,false,MODELED: ZHVI Zillow Q3-2025 ZIP series | SAFMR FY2025 primary; ZORI 2025 re-anchored sanity (re-anchor breaks pre-2024 series) | renter_hh = pop/2.46 * renter_pct | small_portfolio_share = u14%*0.68+u519%*0.18 | rate_locked_owner_pct_est from FHFA NMDB 2024 + Redfin Lock-In Seattle MSA Q4-2024 | Asking-rent sources may overstate effective rent 5-15% in soft submarkets (DOM>25 or conc>12%)
98006,King,Bellevue,suburban,1850000,7.0,2240,2820,3970,5020,3.4,12.0,0.182,4.1,21,15,8.0,74.0,26.0,78,82,8,10,4229,3114,160,62,24,74,3.4,false,MODELED: ZHVI Zillow Q3-2025 ZIP series | SAFMR FY2025 primary; ZORI 2025 re-anchored sanity (re-anchor breaks pre-2024 series) | renter_hh = pop/2.46 * renter_pct | small_portfolio_share = u14%*0.68+u519%*0.18 | rate_locked_owner_pct_est from FHFA NMDB 2024 + Redfin Lock-In Seattle MSA Q4-2024 | Asking-rent sources may overstate effective rent 5-15% in soft submarkets (DOM>25 or conc>12%)
98007,King,Bellevue,suburban,1520000,8.0,2080,2620,3680,4660,3.7,12.8,0.206,5.2,22,17,9.0,56.0,44.0,55,60,18,22,4953,2808,210,44,18,68,3.7,false,MODELED: ZHVI Zillow Q3-2025 ZIP series | SAFMR FY2025 primary; ZORI 2025 re-anchored sanity (re-anchor breaks pre-2024 series) | renter_hh = pop/2.46 * renter_pct | small_portfolio_share = u14%*0.68+u519%*0.18 | rate_locked_owner_pct_est from FHFA NMDB 2024 + Redfin Lock-In Seattle MSA Q4-2024 | Asking-rent sources may overstate effective rent 5-15% in soft submarkets (DOM>25 or conc>12%)
98008,King,Bellevue,suburban,1640000,7.0,2240,2820,3970,5020,3.6,12.5,0.205,4.6,21,16,8.5,68.0,32.0,72,76,10,14,3544,2440,120,52,20,72,3.6,false,MODELED: ZHVI Zillow Q3-2025 ZIP series | SAFMR FY2025 primary; ZORI 2025 re-anchored sanity (re-anchor breaks pre-2024 series) | renter_hh = pop/2.46 * renter_pct | small_portfolio_share = u14%*0.68+u519%*0.18 | rate_locked_owner_pct_est from FHFA NMDB 2024 + Redfin Lock-In Seattle MSA Q4-2024 | Asking-rent sources may overstate effective rent 5-15% in soft submarkets (DOM>25 or conc>12%)
98010,King,Black Diamond,exurban,765000,9.0,1640,1970,2790,3320,3.8,14.0,0.307,4.0,32,28,10.0,78.0,22.0,86,92,4,4,613,499,40,18,6,65,3.8,true,MODELED: ZHVI Zillow Q3-2025 ZIP series | SAFMR FY2025 primary; ZORI 2025 re-anchored sanity (re-anchor breaks pre-2024 series) | renter_hh = pop/2.46 * renter_pct | small_portfolio_share = u14%*0.68+u519%*0.18 | rate_locked_owner_pct_est from FHFA NMDB 2024 + Redfin Lock-In Seattle MSA Q4-2024 | LARGE_UNINC: ADU permits split city + King DLS per jurisdiction-crosswalk | Asking-rent sources may overstate effective rent 5-15% in soft submarkets (DOM>25 or conc>12%) | FLAG asking>effective likely
98011,King,Bothell,suburban,950000,8.0,2000,2400,3400,4290,3.8,13.0,0.304,4.5,24,18,10.0,64.0,36.0,66,70,12,18,4238,2714,180,48,18,66,3.8,false,"MODELED: ZHVI Zillow Q3-2025 ZIP series | SAFMR FY2025 primary; ZORI 2025 re-anchored sanity (re-anchor breaks pre-2024 series) | renter_hh = pop/2.46 * renter_pct | small_portfolio_share = u14%*0.68+u519%*0.18 | rate_locked_owner_pct_est from FHFA NMDB 2024 + Redfin Lock-In Seattle MSA Q4-2024 | Bothell bi-county: city portal in-city, King DLS unincorporated | Asking-rent sources may overstate effective rent 5-15% in soft submarkets (DOM>25 or conc>12%)"
98012,Snohomish,Bothell,suburban,900000,9.0,2010,2400,3360,4220,4.0,14.0,0.319,4.4,25,18,10.5,65.0,35.0,68,72,12,16,10292,6602,320,52,22,64,4.0,false,"MODELED: ZHVI Zillow Q3-2025 ZIP series | SAFMR FY2025 primary; ZORI 2025 re-anchored sanity (re-anchor breaks pre-2024 series) | renter_hh = pop/2.62 * renter_pct | small_portfolio_share = u14%*0.68+u519%*0.18 | rate_locked_owner_pct_est from FHFA NMDB 2024 + Redfin Lock-In Seattle MSA Q4-2024 | LARGE_UNINC: ADU permits split city + Snohomish PDS per jurisdiction-crosswalk | Bothell bi-county: city portal in-city, Snohomish PDS unincorporated | Asking-rent sources may overstate effective rent 5-15% in soft submarkets (DOM>25 or conc>12%)"
98014,King,Carnation,rural,920000,7.0,1640,1970,2790,3320,3.5,12.5,0.255,3.8,34,30,8.0,82.0,18.0,88,94,3,3,605,502,20,14,4,68,3.5,true,MODELED: ZHVI Zillow Q3-2025 ZIP series | SAFMR FY2025 primary; ZORI 2025 re-anchored sanity (re-anchor breaks pre-2024 series) | renter_hh = pop/2.46 * renter_pct | small_portfolio_share = u14%*0.68+u519%*0.18 | rate_locked_owner_pct_est from FHFA NMDB 2024 + Redfin Lock-In Seattle MSA Q4-2024 | LARGE_UNINC: ADU permits split city + King DLS per jurisdiction-crosswalk | Asking-rent sources may overstate effective rent 5-15% in soft submarkets (DOM>25 or conc>12%) | FLAG asking>effective likely
98019,King,Duvall,exurban,890000,8.0,1640,1970,2790,3320,3.7,13.0,0.264,4.2,30,26,9.0,78.0,22.0,84,90,5,5,1095,875,60,22,8,66,3.7,true,MODELED: ZHVI Zillow Q3-2025 ZIP series | SAFMR FY2025 primary; ZORI 2025 re-anchored sanity (re-anchor breaks pre-2024 series) | renter_hh = pop/2.46 * renter_pct | small_portfolio_share = u14%*0.68+u519%*0.18 | rate_locked_owner_pct_est from FHFA NMDB 2024 + Redfin Lock-In Seattle MSA Q4-2024 | LARGE_UNINC: ADU permits split city + King DLS per jurisdiction-crosswalk | Asking-rent sources may overstate effective rent 5-15% in soft submarkets (DOM>25 or conc>12%) | FLAG asking>effective likely
98020,Snohomish,Edmonds,suburban,1190000,7.0,2120,2520,3520,4430,3.5,12.0,0.253,4.5,22,16,9.0,70.0,30.0,72,76,10,14,2239,1503,180,58,22,68,3.5,false,MODELED: ZHVI Zillow Q3-2025 ZIP series | SAFMR FY2025 primary; ZORI 2025 re-anchored sanity (re-anchor breaks pre-2024 series) | renter_hh = pop/2.62 * renter_pct | small_portfolio_share = u14%*0.68+u519%*0.18 | rate_locked_owner_pct_est from FHFA NMDB 2024 + Redfin Lock-In Seattle MSA Q4-2024 | Asking-rent sources may overstate effective rent 5-15% in soft submarkets (DOM>25 or conc>12%)
98021,Snohomish,Bothell,suburban,1080000,8.0,2010,2400,3360,4220,3.9,13.5,0.266,4.7,23,17,9.5,64.0,36.0,64,68,12,20,4896,2973,260,44,18,64,3.9,false,"MODELED: ZHVI Zillow Q3-2025 ZIP series | SAFMR FY2025 primary; ZORI 2025 re-anchored sanity (re-anchor breaks pre-2024 series) | renter_hh = pop/2.62 * renter_pct | small_portfolio_share = u14%*0.68+u519%*0.18 | rate_locked_owner_pct_est from FHFA NMDB 2024 + Redfin Lock-In Seattle MSA Q4-2024 | Bothell bi-county: city portal in-city, Snohomish PDS unincorporated | Asking-rent sources may overstate effective rent 5-15% in soft submarkets (DOM>25 or conc>12%)"
98022,King,Enumclaw,exurban,585000,8.0,1660,1990,2810,3340,3.5,13.0,0.404,4.0,31,27,10.0,72.0,28.0,80,86,8,6,2552,1968,80,26,10,60,3.5,true,MODELED: ZHVI Zillow Q3-2025 ZIP series | SAFMR FY2025 primary; ZORI 2025 re-anchored sanity (re-anchor breaks pre-2024 series) | renter_hh = pop/2.46 * renter_pct | small_portfolio_share = u14%*0.68+u519%*0.18 | rate_locked_owner_pct_est from FHFA NMDB 2024 + Redfin Lock-In Seattle MSA Q4-2024 | CROSS_COUNTY: Zillow ZIP series covers Pierce portion; ADU permits King DLS only | LARGE_UNINC: ADU permits split city + King DLS per jurisdiction-crosswalk | Asking-rent sources may overstate effective rent 5-15% in soft submarkets (DOM>25 or conc>12%) | FLAG asking>effective likely
98023,King,Federal Way,suburban,590000,9.0,1720,2080,2940,3490,4.2,15.8,0.419,5.7,28,22,13.0,53.0,47.0,60,66,16,18,9638,5925,240,32,12,54,4.2,true,MODELED: ZHVI Zillow Q3-2025 ZIP series | SAFMR FY2025 primary; ZORI 2025 re-anchored sanity (re-anchor breaks pre-2024 series) | renter_hh = pop/2.46 * renter_pct | small_portfolio_share = u14%*0.68+u519%*0.18 | rate_locked_owner_pct_est from FHFA NMDB 2024 + Redfin Lock-In Seattle MSA Q4-2024 | Asking-rent sources may overstate effective rent 5-15% in soft submarkets (DOM>25 or conc>12%) | FLAG asking>effective likely
98024,King,Fall City,rural,1080000,6.0,1640,1970,2790,3320,3.0,11.0,0.217,3.2,38,35,7.0,86.0,14.0,92,96,2,2,222,188,10,8,2,70,3.0,true,MODELED: ZHVI Zillow Q3-2025 ZIP series | SAFMR FY2025 primary; ZORI 2025 re-anchored sanity (re-anchor breaks pre-2024 series) | renter_hh = pop/2.46 * renter_pct | small_portfolio_share = u14%*0.68+u519%*0.18 | rate_locked_owner_pct_est from FHFA NMDB 2024 + Redfin Lock-In Seattle MSA Q4-2024 | LARGE_UNINC: ADU permits split city + King DLS per jurisdiction-crosswalk | Asking-rent sources may overstate effective rent 5-15% in soft submarkets (DOM>25 or conc>12%) | FLAG asking>effective likely
98025,King,Hobart,rural,720000,6.0,1640,1970,2790,3320,3.0,10.5,0.326,3.6,42,40,7.5,86.0,14.0,92,96,2,2,3,3,4,4,2,64,3.0,true,MODELED: ZHVI Zillow Q3-2025 ZIP series | SAFMR FY2025 primary; ZORI 2025 re-anchored sanity (re-anchor breaks pre-2024 series) | renter_hh = pop/2.46 * renter_pct | small_portfolio_share = u14%*0.68+u519%*0.18 | rate_locked_owner_pct_est from FHFA NMDB 2024 + Redfin Lock-In Seattle MSA Q4-2024 | LARGE_UNINC: ADU permits split city + King DLS per jurisdiction-crosswalk | Asking-rent sources may overstate effective rent 5-15% in soft submarkets (DOM>25 or conc>12%) | FLAG asking>effective likely
98026,Snohomish,Edmonds,suburban,890000,8.0,2120,2520,3520,4430,3.7,13.0,0.339,5.0,25,18,10.0,58.0,42.0,58,64,16,20,6248,3638,220,42,16,62,3.7,false,MODELED: ZHVI Zillow Q3-2025 ZIP series | SAFMR FY2025 primary; ZORI 2025 re-anchored sanity (re-anchor breaks pre-2024 series) | renter_hh = pop/2.62 * renter_pct | small_portfolio_share = u14%*0.68+u519%*0.18 | rate_locked_owner_pct_est from FHFA NMDB 2024 + Redfin Lock-In Seattle MSA Q4-2024 | Asking-rent sources may overstate effective rent 5-15% in soft submarkets (DOM>25 or conc>12%)
98027,King,Issaquah,suburban,1120000,7.0,2010,2540,3580,4520,3.6,12.5,0.271,4.5,22,16,9.0,63.0,37.0,62,68,14,18,4355,2733,240,58,22,70,3.6,false,MODELED: ZHVI Zillow Q3-2025 ZIP series | SAFMR FY2025 primary; ZORI 2025 re-anchored sanity (re-anchor breaks pre-2024 series) | renter_hh = pop/2.46 * renter_pct | small_portfolio_share = u14%*0.68+u519%*0.18 | rate_locked_owner_pct_est from FHFA NMDB 2024 + Redfin Lock-In Seattle MSA Q4-2024 | Asking-rent sources may overstate effective rent 5-15% in soft submarkets (DOM>25 or conc>12%)
98028,King,Kenmore,suburban,920000,8.0,2000,2400,3400,4290,3.6,12.5,0.314,4.5,23,17,9.5,68.0,32.0,72,76,10,14,3088,2126,140,42,16,68,3.6,false,MODELED: ZHVI Zillow Q3-2025 ZIP series | SAFMR FY2025 primary; ZORI 2025 re-anchored sanity (re-anchor breaks pre-2024 series) | renter_hh = pop/2.46 * renter_pct | small_portfolio_share = u14%*0.68+u519%*0.18 | rate_locked_owner_pct_est from FHFA NMDB 2024 + Redfin Lock-In Seattle MSA Q4-2024 | Asking-rent sources may overstate effective rent 5-15% in soft submarkets (DOM>25 or conc>12%)
98029,King,Issaquah,suburban,1380000,7.0,2010,2540,3580,4520,3.5,12.0,0.22,4.0,20,15,8.0,72.0,28.0,68,72,12,16,3481,2290,180,52,20,72,3.5,false,MODELED: ZHVI Zillow Q3-2025 ZIP series | SAFMR FY2025 primary; ZORI 2025 re-anchored sanity (re-anchor breaks pre-2024 series) | renter_hh = pop/2.46 * renter_pct | small_portfolio_share = u14%*0.68+u519%*0.18 | rate_locked_owner_pct_est from FHFA NMDB 2024 + Redfin Lock-In Seattle MSA Q4-2024 | Asking-rent sources may overstate effective rent 5-15% in soft submarkets (DOM>25 or conc>12%)
98030,King,Kent,suburban,570000,9.0,1720,2080,2940,3490,4.3,16.0,0.433,5.6,27,21,13.0,51.0,49.0,56,64,18,18,7673,4618,220,30,10,54,4.3,true,MODELED: ZHVI Zillow Q3-2025 ZIP series | SAFMR FY2025 primary; ZORI 2025 re-anchored sanity (re-anchor breaks pre-2024 series) | renter_hh = pop/2.46 * renter_pct | small_portfolio_share = u14%*0.68+u519%*0.18 | rate_locked_owner_pct_est from FHFA NMDB 2024 + Redfin Lock-In Seattle MSA Q4-2024 | Asking-rent sources may overstate effective rent 5-15% in soft submarkets (DOM>25 or conc>12%) | FLAG asking>effective likely
98031,King,Kent,suburban,575000,9.0,1720,2080,2940,3490,4.2,15.8,0.43,5.4,27,21,12.5,55.0,45.0,60,66,16,18,7334,4508,200,32,12,56,4.2,true,MODELED: ZHVI Zillow Q3-2025 ZIP series | SAFMR FY2025 primary; ZORI 2025 re-anchored sanity (re-anchor breaks pre-2024 series) | renter_hh = pop/2.46 * renter_pct | small_portfolio_share = u14%*0.68+u519%*0.18 | rate_locked_owner_pct_est from FHFA NMDB 2024 + Redfin Lock-In Seattle MSA Q4-2024 | Asking-rent sources may overstate effective rent 5-15% in soft submarkets (DOM>25 or conc>12%) | FLAG asking>effective likely
98032,King,Kent,suburban,520000,10.0,1720,2080,2940,3490,4.4,16.2,0.475,6.2,28,22,15.0,38.0,62.0,42,52,22,26,10299,5212,320,24,8,48,4.4,true,MODELED: ZHVI Zillow Q3-2025 ZIP series | SAFMR FY2025 primary; ZORI 2025 re-anchored sanity (re-anchor breaks pre-2024 series) | renter_hh = pop/2.46 * renter_pct | small_portfolio_share = u14%*0.68+u519%*0.18 | rate_locked_owner_pct_est from FHFA NMDB 2024 + Redfin Lock-In Seattle MSA Q4-2024 | Asking-rent sources may overstate effective rent 5-15% in soft submarkets (DOM>25 or conc>12%) | FLAG asking>effective likely
98033,King,Kirkland,urban,1620000,6.0,2240,2820,3970,5020,3.2,11.5,0.208,5.8,20,15,9.5,52.0,48.0,50,56,18,26,7996,4253,380,82,32,70,3.2,false,MODELED: ZHVI Zillow Q3-2025 ZIP series | SAFMR FY2025 primary; ZORI 2025 re-anchored sanity (re-anchor breaks pre-2024 series) | renter_hh = pop/2.46 * renter_pct | small_portfolio_share = u14%*0.68+u519%*0.18 | rate_locked_owner_pct_est from FHFA NMDB 2024 + Redfin Lock-In Seattle MSA Q4-2024 | Asking-rent sources may overstate effective rent 5-15% in soft submarkets (DOM>25 or conc>12%)
98034,King,Kirkland,suburban,1080000,7.0,2240,2820,3970,5020,3.5,12.0,0.312,5.0,21,16,9.0,60.0,40.0,60,64,14,22,8542,5062,220,68,26,68,3.5,false,MODELED: ZHVI Zillow Q3-2025 ZIP series | SAFMR FY2025 primary; ZORI 2025 re-anchored sanity (re-anchor breaks pre-2024 series) | renter_hh = pop/2.46 * renter_pct | small_portfolio_share = u14%*0.68+u519%*0.18 | rate_locked_owner_pct_est from FHFA NMDB 2024 + Redfin Lock-In Seattle MSA Q4-2024 | Asking-rent sources may overstate effective rent 5-15% in soft submarkets (DOM>25 or conc>12%)
98036,Snohomish,Lynnwood,suburban,820000,8.0,2010,2400,3360,4220,4.0,14.0,0.35,4.6,24,18,10.5,58.0,42.0,58,64,16,20,6792,3955,280,42,16,60,4.0,false,MODELED: ZHVI Zillow Q3-2025 ZIP series | SAFMR FY2025 primary; ZORI 2025 re-anchored sanity (re-anchor breaks pre-2024 series) | renter_hh = pop/2.62 * renter_pct | small_portfolio_share = u14%*0.68+u519%*0.18 | rate_locked_owner_pct_est from FHFA NMDB 2024 + Redfin Lock-In Seattle MSA Q4-2024 | Asking-rent sources may overstate effective rent 5-15% in soft submarkets (DOM>25 or conc>12%)
98037,Snohomish,Lynnwood,suburban,720000,9.0,2010,2400,3360,4220,4.2,14.8,0.399,5.4,25,19,12.0,42.0,58.0,38,48,22,30,6580,3022,380,24,10,56,4.2,false,MODELED: ZHVI Zillow Q3-2025 ZIP series | SAFMR FY2025 primary; ZORI 2025 re-anchored sanity (re-anchor breaks pre-2024 series) | renter_hh = pop/2.62 * renter_pct | small_portfolio_share = u14%*0.68+u519%*0.18 | rate_locked_owner_pct_est from FHFA NMDB 2024 + Redfin Lock-In Seattle MSA Q4-2024 | Asking-rent sources may overstate effective rent 5-15% in soft submarkets (DOM>25 or conc>12%)
98038,King,Maple Valley,suburban,820000,8.0,1720,2080,2940,3490,4.0,14.0,0.301,4.2,27,22,10.5,74.0,26.0,82,88,6,6,3945,3093,120,42,16,60,4.0,true,MODELED: ZHVI Zillow Q3-2025 ZIP series | SAFMR FY2025 primary; ZORI 2025 re-anchored sanity (re-anchor breaks pre-2024 series) | renter_hh = pop/2.46 * renter_pct | small_portfolio_share = u14%*0.68+u519%*0.18 | rate_locked_owner_pct_est from FHFA NMDB 2024 + Redfin Lock-In Seattle MSA Q4-2024 | Asking-rent sources may overstate effective rent 5-15% in soft submarkets (DOM>25 or conc>12%) | FLAG asking>effective likely
98039,King,Medina,suburban,4850000,5.0,3000,4200,6200,8000,2.5,8.0,0.105,3.0,35,28,5.0,92.0,8.0,98,100,0,0,95,83,4,6,2,82,2.5,true,MODELED: ZHVI Zillow Q3-2025 ZIP series | SAFMR FY2025 primary; ZORI 2025 re-anchored sanity (re-anchor breaks pre-2024 series) | renter_hh = pop/2.46 * renter_pct | small_portfolio_share = u14%*0.68+u519%*0.18 | rate_locked_owner_pct_est from FHFA NMDB 2024 + Redfin Lock-In Seattle MSA Q4-2024 | Asking-rent sources may overstate effective rent 5-15% in soft submarkets (DOM>25 or conc>12%) | FLAG asking>effective likely
98040,King,Mercer Island,suburban,2680000,5.0,2620,3380,4920,6240,2.8,9.5,0.153,3.8,28,22,6.5,82.0,18.0,88,92,4,4,1852,1508,40,42,14,78,2.8,true,MODELED: ZHVI Zillow Q3-2025 ZIP series | SAFMR FY2025 primary; ZORI 2025 re-anchored sanity (re-anchor breaks pre-2024 series) | renter_hh = pop/2.46 * renter_pct | small_portfolio_share = u14%*0.68+u519%*0.18 | rate_locked_owner_pct_est from FHFA NMDB 2024 + Redfin Lock-In Seattle MSA Q4-2024 | Asking-rent sources may overstate effective rent 5-15% in soft submarkets (DOM>25 or conc>12%) | FLAG asking>effective likely
98042,King,Kent,suburban,720000,9.0,1720,2080,2940,3490,4.0,14.5,0.343,4.6,28,22,11.0,66.0,34.0,74,80,10,10,6940,5020,180,44,16,58,4.0,true,MODELED: ZHVI Zillow Q3-2025 ZIP series | SAFMR FY2025 primary; ZORI 2025 re-anchored sanity (re-anchor breaks pre-2024 series) | renter_hh = pop/2.46 * renter_pct | small_portfolio_share = u14%*0.68+u519%*0.18 | rate_locked_owner_pct_est from FHFA NMDB 2024 + Redfin Lock-In Seattle MSA Q4-2024 | LARGE_UNINC: ADU permits split city + King DLS per jurisdiction-crosswalk | Asking-rent sources may overstate effective rent 5-15% in soft submarkets (DOM>25 or conc>12%) | FLAG asking>effective likely
98043,Snohomish,Mountlake Terrace,suburban,720000,8.0,2010,2400,3360,4220,4.0,14.0,0.399,4.6,24,18,10.5,52.0,48.0,52,60,18,22,4232,2339,180,22,8,58,4.0,false,MODELED: ZHVI Zillow Q3-2025 ZIP series | SAFMR FY2025 primary; ZORI 2025 re-anchored sanity (re-anchor breaks pre-2024 series) | renter_hh = pop/2.62 * renter_pct | small_portfolio_share = u14%*0.68+u519%*0.18 | rate_locked_owner_pct_est from FHFA NMDB 2024 + Redfin Lock-In Seattle MSA Q4-2024 | Asking-rent sources may overstate effective rent 5-15% in soft submarkets (DOM>25 or conc>12%)
98045,King,North Bend,exurban,1020000,6.0,1640,1970,2790,3320,3.3,11.5,0.23,3.6,32,28,8.0,80.0,20.0,86,92,4,4,1243,1012,70,22,8,68,3.3,true,MODELED: ZHVI Zillow Q3-2025 ZIP series | SAFMR FY2025 primary; ZORI 2025 re-anchored sanity (re-anchor breaks pre-2024 series) | renter_hh = pop/2.46 * renter_pct | small_portfolio_share = u14%*0.68+u519%*0.18 | rate_locked_owner_pct_est from FHFA NMDB 2024 + Redfin Lock-In Seattle MSA Q4-2024 | LARGE_UNINC: ADU permits split city + King DLS per jurisdiction-crosswalk | Asking-rent sources may overstate effective rent 5-15% in soft submarkets (DOM>25 or conc>12%) | FLAG asking>effective likely
98047,King,Pacific,suburban,560000,8.0,1660,1990,2810,3340,4.0,15.0,0.422,5.0,28,23,12.0,58.0,42.0,64,72,14,14,1164,771,40,10,4,56,4.0,true,MODELED: ZHVI Zillow Q3-2025 ZIP series | SAFMR FY2025 primary; ZORI 2025 re-anchored sanity (re-anchor breaks pre-2024 series) | renter_hh = pop/2.46 * renter_pct | small_portfolio_share = u14%*0.68+u519%*0.18 | rate_locked_owner_pct_est from FHFA NMDB 2024 + Redfin Lock-In Seattle MSA Q4-2024 | CROSS_COUNTY: Zillow ZIP series covers Pierce portion; ADU permits King DLS only | Asking-rent sources may overstate effective rent 5-15% in soft submarkets (DOM>25 or conc>12%) | FLAG asking>effective likely
98050,King,Preston,rural,820000,6.0,1640,1970,2790,3320,3.0,10.5,0.286,3.6,42,40,7.5,86.0,14.0,92,96,2,2,6,5,4,4,2,64,3.0,true,MODELED: ZHVI Zillow Q3-2025 ZIP series | SAFMR FY2025 primary; ZORI 2025 re-anchored sanity (re-anchor breaks pre-2024 series) | renter_hh = pop/2.46 * renter_pct | small_portfolio_share = u14%*0.68+u519%*0.18 | rate_locked_owner_pct_est from FHFA NMDB 2024 + Redfin Lock-In Seattle MSA Q4-2024 | LARGE_UNINC: ADU permits split city + King DLS per jurisdiction-crosswalk | Asking-rent sources may overstate effective rent 5-15% in soft submarkets (DOM>25 or conc>12%) | FLAG asking>effective likely
98051,King,Ravensdale,rural,820000,6.0,1640,1970,2790,3320,3.0,10.5,0.286,3.6,42,40,7.5,86.0,14.0,92,96,2,2,196,166,4,4,2,64,3.0,true,MODELED: ZHVI Zillow Q3-2025 ZIP series | SAFMR FY2025 primary; ZORI 2025 re-anchored sanity (re-anchor breaks pre-2024 series) | renter_hh = pop/2.46 * renter_pct | small_portfolio_share = u14%*0.68+u519%*0.18 | rate_locked_owner_pct_est from FHFA NMDB 2024 + Redfin Lock-In Seattle MSA Q4-2024 | LARGE_UNINC: ADU permits split city + King DLS per jurisdiction-crosswalk | Asking-rent sources may overstate effective rent 5-15% in soft submarkets (DOM>25 or conc>12%) | FLAG asking>effective likely
98052,King,Redmond,urban,1680000,7.0,2370,3070,4400,5520,3.5,12.0,0.219,5.2,19,14,8.5,58.0,42.0,56,62,14,24,13781,7925,520,88,34,72,3.5,false,MODELED: ZHVI Zillow Q3-2025 ZIP series | SAFMR FY2025 primary; ZORI 2025 re-anchored sanity (re-anchor breaks pre-2024 series) | renter_hh = pop/2.46 * renter_pct | small_portfolio_share = u14%*0.68+u519%*0.18 | rate_locked_owner_pct_est from FHFA NMDB 2024 + Redfin Lock-In Seattle MSA Q4-2024 | Asking-rent sources may overstate effective rent 5-15% in soft submarkets (DOM>25 or conc>12%)
98053,King,Redmond,suburban,1620000,7.0,2240,2820,3970,5020,3.5,12.5,0.208,4.2,21,15,8.0,76.0,24.0,82,86,6,8,2221,1703,160,68,26,72,3.5,false,MODELED: ZHVI Zillow Q3-2025 ZIP series | SAFMR FY2025 primary; ZORI 2025 re-anchored sanity (re-anchor breaks pre-2024 series) | renter_hh = pop/2.46 * renter_pct | small_portfolio_share = u14%*0.68+u519%*0.18 | rate_locked_owner_pct_est from FHFA NMDB 2024 + Redfin Lock-In Seattle MSA Q4-2024 | Asking-rent sources may overstate effective rent 5-15% in soft submarkets (DOM>25 or conc>12%)
98055,King,Renton,suburban,620000,9.0,1820,2200,3100,3680,4.0,15.0,0.421,5.4,26,20,12.5,52.0,48.0,56,64,16,20,4812,2874,180,32,12,56,4.0,true,MODELED: ZHVI Zillow Q3-2025 ZIP series | SAFMR FY2025 primary; ZORI 2025 re-anchored sanity (re-anchor breaks pre-2024 series) | renter_hh = pop/2.46 * renter_pct | small_portfolio_share = u14%*0.68+u519%*0.18 | rate_locked_owner_pct_est from FHFA NMDB 2024 + Redfin Lock-In Seattle MSA Q4-2024 | Asking-rent sources may overstate effective rent 5-15% in soft submarkets (DOM>25 or conc>12%) | FLAG asking>effective likely
98056,King,Renton,suburban,720000,9.0,1820,2200,3100,3680,3.9,14.5,0.362,4.8,24,18,11.0,58.0,42.0,64,70,14,16,6121,3949,220,44,18,60,3.9,false,MODELED: ZHVI Zillow Q3-2025 ZIP series | SAFMR FY2025 primary; ZORI 2025 re-anchored sanity (re-anchor breaks pre-2024 series) | renter_hh = pop/2.46 * renter_pct | small_portfolio_share = u14%*0.68+u519%*0.18 | rate_locked_owner_pct_est from FHFA NMDB 2024 + Redfin Lock-In Seattle MSA Q4-2024 | Asking-rent sources may overstate effective rent 5-15% in soft submarkets (DOM>25 or conc>12%)
98057,King,Renton,suburban,620000,9.0,1820,2200,3100,3680,4.0,15.0,0.421,5.6,25,19,12.5,44.0,56.0,42,52,18,30,2892,1437,320,22,8,58,4.0,true,MODELED: ZHVI Zillow Q3-2025 ZIP series | SAFMR FY2025 primary; ZORI 2025 re-anchored sanity (re-anchor breaks pre-2024 series) | renter_hh = pop/2.46 * renter_pct | small_portfolio_share = u14%*0.68+u519%*0.18 | rate_locked_owner_pct_est from FHFA NMDB 2024 + Redfin Lock-In Seattle MSA Q4-2024 | Asking-rent sources may overstate effective rent 5-15% in soft submarkets (DOM>25 or conc>12%) | FLAG asking>effective likely
98058,King,Renton,suburban,730000,9.0,1820,2200,3100,3680,3.9,14.5,0.357,4.6,26,20,11.0,66.0,34.0,72,80,10,10,5940,4297,160,42,16,60,3.9,true,MODELED: ZHVI Zillow Q3-2025 ZIP series | SAFMR FY2025 primary; ZORI 2025 re-anchored sanity (re-anchor breaks pre-2024 series) | renter_hh = pop/2.46 * renter_pct | small_portfolio_share = u14%*0.68+u519%*0.18 | rate_locked_owner_pct_est from FHFA NMDB 2024 + Redfin Lock-In Seattle MSA Q4-2024 | Asking-rent sources may overstate effective rent 5-15% in soft submarkets (DOM>25 or conc>12%) | FLAG asking>effective likely
98059,King,Renton,suburban,920000,8.0,1820,2200,3100,3680,3.7,13.5,0.284,4.2,25,19,10.0,72.0,28.0,80,86,8,6,4827,3723,140,46,18,64,3.7,false,MODELED: ZHVI Zillow Q3-2025 ZIP series | SAFMR FY2025 primary; ZORI 2025 re-anchored sanity (re-anchor breaks pre-2024 series) | renter_hh = pop/2.46 * renter_pct | small_portfolio_share = u14%*0.68+u519%*0.18 | rate_locked_owner_pct_est from FHFA NMDB 2024 + Redfin Lock-In Seattle MSA Q4-2024 | Asking-rent sources may overstate effective rent 5-15% in soft submarkets (DOM>25 or conc>12%)
98065,King,Snoqualmie,exurban,1190000,7.0,1820,2200,3100,3680,3.4,12.0,0.219,3.6,27,22,8.5,78.0,22.0,82,88,6,6,1426,1118,120,38,14,68,3.4,true,MODELED: ZHVI Zillow Q3-2025 ZIP series | SAFMR FY2025 primary; ZORI 2025 re-anchored sanity (re-anchor breaks pre-2024 series) | renter_hh = pop/2.46 * renter_pct | small_portfolio_share = u14%*0.68+u519%*0.18 | rate_locked_owner_pct_est from FHFA NMDB 2024 + Redfin Lock-In Seattle MSA Q4-2024 | Asking-rent sources may overstate effective rent 5-15% in soft submarkets (DOM>25 or conc>12%) | FLAG asking>effective likely
98070,King,Vashon,rural,890000,6.0,1640,1970,2790,3320,3.0,10.5,0.264,4.0,44,42,8.5,82.0,18.0,90,96,2,2,727,614,20,22,8,66,3.0,true,MODELED: ZHVI Zillow Q3-2025 ZIP series | SAFMR FY2025 primary; ZORI 2025 re-anchored sanity (re-anchor breaks pre-2024 series) | renter_hh = pop/2.46 * renter_pct | small_portfolio_share = u14%*0.68+u519%*0.18 | rate_locked_owner_pct_est from FHFA NMDB 2024 + Redfin Lock-In Seattle MSA Q4-2024 | LARGE_UNINC: ADU permits split city + King DLS per jurisdiction-crosswalk | Asking-rent sources may overstate effective rent 5-15% in soft submarkets (DOM>25 or conc>12%) | FLAG asking>effective likely
98072,King,Woodinville,suburban,1180000,7.0,2010,2540,3580,4520,3.5,12.0,0.257,4.0,24,18,8.5,76.0,24.0,82,88,6,6,2385,1870,120,44,18,70,3.5,false,MODELED: ZHVI Zillow Q3-2025 ZIP series | SAFMR FY2025 primary; ZORI 2025 re-anchored sanity (re-anchor breaks pre-2024 series) | renter_hh = pop/2.46 * renter_pct | small_portfolio_share = u14%*0.68+u519%*0.18 | rate_locked_owner_pct_est from FHFA NMDB 2024 + Redfin Lock-In Seattle MSA Q4-2024 | Asking-rent sources may overstate effective rent 5-15% in soft submarkets (DOM>25 or conc>12%)
98074,King,Sammamish,suburban,1620000,7.0,2240,2820,3970,5020,3.5,12.0,0.208,4.0,20,15,8.0,76.0,24.0,82,86,6,8,3001,2301,140,58,22,72,3.5,false,MODELED: ZHVI Zillow Q3-2025 ZIP series | SAFMR FY2025 primary; ZORI 2025 re-anchored sanity (re-anchor breaks pre-2024 series) | renter_hh = pop/2.46 * renter_pct | small_portfolio_share = u14%*0.68+u519%*0.18 | rate_locked_owner_pct_est from FHFA NMDB 2024 + Redfin Lock-In Seattle MSA Q4-2024 | Asking-rent sources may overstate effective rent 5-15% in soft submarkets (DOM>25 or conc>12%)
98075,King,Sammamish,suburban,1720000,7.0,2240,2820,3970,5020,3.4,11.8,0.196,3.6,20,15,7.5,82.0,18.0,88,92,4,4,1866,1520,120,52,20,74,3.4,false,MODELED: ZHVI Zillow Q3-2025 ZIP series | SAFMR FY2025 primary; ZORI 2025 re-anchored sanity (re-anchor breaks pre-2024 series) | renter_hh = pop/2.46 * renter_pct | small_portfolio_share = u14%*0.68+u519%*0.18 | rate_locked_owner_pct_est from FHFA NMDB 2024 + Redfin Lock-In Seattle MSA Q4-2024 | Asking-rent sources may overstate effective rent 5-15% in soft submarkets (DOM>25 or conc>12%)
98077,King,Woodinville,exurban,1340000,6.0,2010,2540,3580,4520,3.2,11.0,0.226,3.6,28,24,8.0,86.0,14.0,94,98,1,1,803,691,40,18,6,70,3.2,true,MODELED: ZHVI Zillow Q3-2025 ZIP series | SAFMR FY2025 primary; ZORI 2025 re-anchored sanity (re-anchor breaks pre-2024 series) | renter_hh = pop/2.46 * renter_pct | small_portfolio_share = u14%*0.68+u519%*0.18 | rate_locked_owner_pct_est from FHFA NMDB 2024 + Redfin Lock-In Seattle MSA Q4-2024 | LARGE_UNINC: ADU permits split city + King DLS per jurisdiction-crosswalk | Asking-rent sources may overstate effective rent 5-15% in soft submarkets (DOM>25 or conc>12%) | FLAG asking>effective likely
98087,Snohomish,Lynnwood,suburban,820000,8.0,2010,2400,3360,4220,4.0,14.0,0.35,4.4,24,18,10.5,58.0,42.0,62,70,14,16,6700,4214,260,32,12,58,4.0,false,MODELED: ZHVI Zillow Q3-2025 ZIP series | SAFMR FY2025 primary; ZORI 2025 re-anchored sanity (re-anchor breaks pre-2024 series) | renter_hh = pop/2.62 * renter_pct | small_portfolio_share = u14%*0.68+u519%*0.18 | rate_locked_owner_pct_est from FHFA NMDB 2024 + Redfin Lock-In Seattle MSA Q4-2024 | LARGE_UNINC: ADU permits split city + Snohomish PDS per jurisdiction-crosswalk | Asking-rent sources may overstate effective rent 5-15% in soft submarkets (DOM>25 or conc>12%)
98092,King,Auburn,suburban,680000,9.0,1660,1990,2810,3340,4.0,14.5,0.348,4.5,28,22,11.0,72.0,28.0,80,86,8,6,5717,4409,160,36,14,58,4.0,true,MODELED: ZHVI Zillow Q3-2025 ZIP series | SAFMR FY2025 primary; ZORI 2025 re-anchored sanity (re-anchor breaks pre-2024 series) | renter_hh = pop/2.46 * renter_pct | small_portfolio_share = u14%*0.68+u519%*0.18 | rate_locked_owner_pct_est from FHFA NMDB 2024 + Redfin Lock-In Seattle MSA Q4-2024 | CROSS_COUNTY: Zillow ZIP series covers Pierce portion; ADU permits King DLS only | LARGE_UNINC: ADU permits split city + King DLS per jurisdiction-crosswalk | Asking-rent sources may overstate effective rent 5-15% in soft submarkets (DOM>25 or conc>12%) | FLAG asking>effective likely
98101,King,Seattle,urban-core,720000,4.0,2050,2780,3920,4920,2.8,8.5,0.457,8.4,22,42,18.0,18.0,82.0,2,6,14,80,5718,486,820,4,2,66,2.8,true,MODELED: ZHVI Zillow Q3-2025 ZIP series | SAFMR FY2025 primary; ZORI 2025 re-anchored sanity (re-anchor breaks pre-2024 series) | renter_hh = pop/2.46 * renter_pct | small_portfolio_share = u14%*0.68+u519%*0.18 | rate_locked_owner_pct_est from FHFA NMDB 2024 + Redfin Lock-In Seattle MSA Q4-2024 | Asking-rent sources may overstate effective rent 5-15% in soft submarkets (DOM>25 or conc>12%) | FLAG asking>effective likely
98102,King,Seattle,urban-core,920000,5.0,2050,2780,3920,4920,3.0,9.0,0.358,6.4,20,24,14.0,28.0,72.0,14,22,22,56,8000,1948,320,22,10,68,3.0,true,MODELED: ZHVI Zillow Q3-2025 ZIP series | SAFMR FY2025 primary; ZORI 2025 re-anchored sanity (re-anchor breaks pre-2024 series) | renter_hh = pop/2.46 * renter_pct | small_portfolio_share = u14%*0.68+u519%*0.18 | rate_locked_owner_pct_est from FHFA NMDB 2024 + Redfin Lock-In Seattle MSA Q4-2024 | Asking-rent sources may overstate effective rent 5-15% in soft submarkets (DOM>25 or conc>12%) | FLAG asking>effective likely
98103,King,Seattle,urban,950000,5.0,2050,2780,3920,4920,3.2,9.5,0.346,5.5,18,18,11.0,38.0,62.0,36,46,28,26,13275,6206,520,420,120,70,3.2,false,MODELED: ZHVI Zillow Q3-2025 ZIP series | SAFMR FY2025 primary; ZORI 2025 re-anchored sanity (re-anchor breaks pre-2024 series) | renter_hh = pop/2.46 * renter_pct | small_portfolio_share = u14%*0.68+u519%*0.18 | rate_locked_owner_pct_est from FHFA NMDB 2024 + Redfin Lock-In Seattle MSA Q4-2024 | Asking-rent sources may overstate effective rent 5-15% in soft submarkets (DOM>25 or conc>12%)
98104,King,Seattle,urban-core,620000,3.0,1900,2540,3580,4500,2.6,7.5,0.486,10.2,24,46,20.0,14.0,86.0,0,4,10,86,5783,336,420,2,0,62,2.6,true,MODELED: ZHVI Zillow Q3-2025 ZIP series | SAFMR FY2025 primary; ZORI 2025 re-anchored sanity (re-anchor breaks pre-2024 series) | renter_hh = pop/2.46 * renter_pct | small_portfolio_share = u14%*0.68+u519%*0.18 | rate_locked_owner_pct_est from FHFA NMDB 2024 + Redfin Lock-In Seattle MSA Q4-2024 | Asking-rent sources may overstate effective rent 5-15% in soft submarkets (DOM>25 or conc>12%) | FLAG asking>effective likely
98105,King,Seattle,urban,1180000,5.0,2050,2780,3920,4920,3.0,9.0,0.279,5.8,18,20,11.5,34.0,66.0,32,42,24,34,13352,5651,380,180,58,68,3.0,false,MODELED: ZHVI Zillow Q3-2025 ZIP series | SAFMR FY2025 primary; ZORI 2025 re-anchored sanity (re-anchor breaks pre-2024 series) | renter_hh = pop/2.46 * renter_pct | small_portfolio_share = u14%*0.68+u519%*0.18 | rate_locked_owner_pct_est from FHFA NMDB 2024 + Redfin Lock-In Seattle MSA Q4-2024 | Asking-rent sources may overstate effective rent 5-15% in soft submarkets (DOM>25 or conc>12%)
98106,King,Seattle,urban,620000,7.0,1900,2540,3580,4500,3.5,11.0,0.486,5.0,22,18,11.0,52.0,48.0,58,68,18,14,5598,3565,180,140,42,58,3.5,false,MODELED: ZHVI Zillow Q3-2025 ZIP series | SAFMR FY2025 primary; ZORI 2025 re-anchored sanity (re-anchor breaks pre-2024 series) | renter_hh = pop/2.46 * renter_pct | small_portfolio_share = u14%*0.68+u519%*0.18 | rate_locked_owner_pct_est from FHFA NMDB 2024 + Redfin Lock-In Seattle MSA Q4-2024 | Asking-rent sources may overstate effective rent 5-15% in soft submarkets (DOM>25 or conc>12%)
98107,King,Seattle,urban,980000,5.0,2050,2780,3920,4920,3.1,9.2,0.336,5.6,18,18,11.0,42.0,58.0,38,48,24,28,6785,3228,420,240,72,68,3.1,false,MODELED: ZHVI Zillow Q3-2025 ZIP series | SAFMR FY2025 primary; ZORI 2025 re-anchored sanity (re-anchor breaks pre-2024 series) | renter_hh = pop/2.46 * renter_pct | small_portfolio_share = u14%*0.68+u519%*0.18 | rate_locked_owner_pct_est from FHFA NMDB 2024 + Redfin Lock-In Seattle MSA Q4-2024 | Asking-rent sources may overstate effective rent 5-15% in soft submarkets (DOM>25 or conc>12%)
98108,King,Seattle,urban,580000,7.0,1900,2540,3580,4500,3.6,11.5,0.519,5.5,24,20,12.0,48.0,52.0,52,62,18,20,5396,3153,220,110,34,56,3.6,false,MODELED: ZHVI Zillow Q3-2025 ZIP series | SAFMR FY2025 primary; ZORI 2025 re-anchored sanity (re-anchor breaks pre-2024 series) | renter_hh = pop/2.46 * renter_pct | small_portfolio_share = u14%*0.68+u519%*0.18 | rate_locked_owner_pct_est from FHFA NMDB 2024 + Redfin Lock-In Seattle MSA Q4-2024 | Asking-rent sources may overstate effective rent 5-15% in soft submarkets (DOM>25 or conc>12%)
98109,King,Seattle,urban-core,920000,4.0,2200,2960,4180,5240,2.8,8.0,0.381,8.8,22,40,17.5,22.0,78.0,8,14,18,68,10884,1788,640,14,6,68,2.8,true,MODELED: ZHVI Zillow Q3-2025 ZIP series | SAFMR FY2025 primary; ZORI 2025 re-anchored sanity (re-anchor breaks pre-2024 series) | renter_hh = pop/2.46 * renter_pct | small_portfolio_share = u14%*0.68+u519%*0.18 | rate_locked_owner_pct_est from FHFA NMDB 2024 + Redfin Lock-In Seattle MSA Q4-2024 | Asking-rent sources may overstate effective rent 5-15% in soft submarkets (DOM>25 or conc>12%) | FLAG asking>effective likely
98112,King,Seattle,urban,1640000,5.0,2200,2960,4180,5240,2.9,8.5,0.214,5.0,18,18,10.0,54.0,46.0,52,58,18,24,4473,2457,260,190,58,74,2.9,false,MODELED: ZHVI Zillow Q3-2025 ZIP series | SAFMR FY2025 primary; ZORI 2025 re-anchored sanity (re-anchor breaks pre-2024 series) | renter_hh = pop/2.46 * renter_pct | small_portfolio_share = u14%*0.68+u519%*0.18 | rate_locked_owner_pct_est from FHFA NMDB 2024 + Redfin Lock-In Seattle MSA Q4-2024 | Asking-rent sources may overstate effective rent 5-15% in soft submarkets (DOM>25 or conc>12%)
98115,King,Seattle,urban,1080000,5.0,2050,2780,3920,4920,3.1,9.2,0.305,4.8,18,16,10.0,58.0,42.0,62,68,16,16,9279,5866,340,380,110,72,3.1,false,MODELED: ZHVI Zillow Q3-2025 ZIP series | SAFMR FY2025 primary; ZORI 2025 re-anchored sanity (re-anchor breaks pre-2024 series) | renter_hh = pop/2.46 * renter_pct | small_portfolio_share = u14%*0.68+u519%*0.18 | rate_locked_owner_pct_est from FHFA NMDB 2024 + Redfin Lock-In Seattle MSA Q4-2024 | Asking-rent sources may overstate effective rent 5-15% in soft submarkets (DOM>25 or conc>12%)
98116,King,Seattle,urban,1080000,5.0,2050,2780,3920,4920,3.0,9.0,0.305,4.6,20,16,10.0,60.0,40.0,64,72,14,14,4668,3093,180,210,64,72,3.0,false,MODELED: ZHVI Zillow Q3-2025 ZIP series | SAFMR FY2025 primary; ZORI 2025 re-anchored sanity (re-anchor breaks pre-2024 series) | renter_hh = pop/2.46 * renter_pct | small_portfolio_share = u14%*0.68+u519%*0.18 | rate_locked_owner_pct_est from FHFA NMDB 2024 + Redfin Lock-In Seattle MSA Q4-2024 | Asking-rent sources may overstate effective rent 5-15% in soft submarkets (DOM>25 or conc>12%)
98117,King,Seattle,urban,1020000,5.0,2050,2780,3920,4920,3.1,9.2,0.323,4.8,19,17,10.0,58.0,42.0,58,66,18,16,6097,3776,280,290,84,72,3.1,false,MODELED: ZHVI Zillow Q3-2025 ZIP series | SAFMR FY2025 primary; ZORI 2025 re-anchored sanity (re-anchor breaks pre-2024 series) | renter_hh = pop/2.46 * renter_pct | small_portfolio_share = u14%*0.68+u519%*0.18 | rate_locked_owner_pct_est from FHFA NMDB 2024 + Redfin Lock-In Seattle MSA Q4-2024 | Asking-rent sources may overstate effective rent 5-15% in soft submarkets (DOM>25 or conc>12%)
98118,King,Seattle,urban,820000,6.0,1900,2540,3580,4500,3.4,10.5,0.367,5.0,22,18,11.0,52.0,48.0,56,64,20,16,9854,5976,260,320,98,64,3.4,false,MODELED: ZHVI Zillow Q3-2025 ZIP series | SAFMR FY2025 primary; ZORI 2025 re-anchored sanity (re-anchor breaks pre-2024 series) | renter_hh = pop/2.46 * renter_pct | small_portfolio_share = u14%*0.68+u519%*0.18 | rate_locked_owner_pct_est from FHFA NMDB 2024 + Redfin Lock-In Seattle MSA Q4-2024 | Asking-rent sources may overstate effective rent 5-15% in soft submarkets (DOM>25 or conc>12%)
98119,King,Seattle,urban,1180000,4.0,2050,2780,3920,4920,2.9,8.5,0.279,6.4,20,22,13.0,42.0,58.0,36,44,20,36,6337,2734,320,80,24,70,2.9,true,MODELED: ZHVI Zillow Q3-2025 ZIP series | SAFMR FY2025 primary; ZORI 2025 re-anchored sanity (re-anchor breaks pre-2024 series) | renter_hh = pop/2.46 * renter_pct | small_portfolio_share = u14%*0.68+u519%*0.18 | rate_locked_owner_pct_est from FHFA NMDB 2024 + Redfin Lock-In Seattle MSA Q4-2024 | Asking-rent sources may overstate effective rent 5-15% in soft submarkets (DOM>25 or conc>12%) | FLAG asking>effective likely
98121,King,Seattle,urban-core,620000,3.0,2050,2780,3920,4920,2.5,7.0,0.531,9.6,24,44,19.0,20.0,80.0,0,4,10,86,6883,400,580,4,2,66,2.5,true,MODELED: ZHVI Zillow Q3-2025 ZIP series | SAFMR FY2025 primary; ZORI 2025 re-anchored sanity (re-anchor breaks pre-2024 series) | renter_hh = pop/2.46 * renter_pct | small_portfolio_share = u14%*0.68+u519%*0.18 | rate_locked_owner_pct_est from FHFA NMDB 2024 + Redfin Lock-In Seattle MSA Q4-2024 | Asking-rent sources may overstate effective rent 5-15% in soft submarkets (DOM>25 or conc>12%) | FLAG asking>effective likely
98122,King,Seattle,urban,820000,5.0,2050,2780,3920,4920,3.2,9.5,0.401,5.8,20,20,12.0,36.0,64.0,28,38,22,40,11248,4314,420,120,38,66,3.2,false,MODELED: ZHVI Zillow Q3-2025 ZIP series | SAFMR FY2025 primary; ZORI 2025 re-anchored sanity (re-anchor breaks pre-2024 series) | renter_hh = pop/2.46 * renter_pct | small_portfolio_share = u14%*0.68+u519%*0.18 | rate_locked_owner_pct_est from FHFA NMDB 2024 + Redfin Lock-In Seattle MSA Q4-2024 | Asking-rent sources may overstate effective rent 5-15% in soft submarkets (DOM>25 or conc>12%)
98125,King,Seattle,urban,820000,6.0,2050,2780,3920,4920,3.3,10.0,0.401,5.2,20,18,11.0,52.0,48.0,54,62,18,20,8687,5076,280,190,58,66,3.3,false,MODELED: ZHVI Zillow Q3-2025 ZIP series | SAFMR FY2025 primary; ZORI 2025 re-anchored sanity (re-anchor breaks pre-2024 series) | renter_hh = pop/2.46 * renter_pct | small_portfolio_share = u14%*0.68+u519%*0.18 | rate_locked_owner_pct_est from FHFA NMDB 2024 + Redfin Lock-In Seattle MSA Q4-2024 | Asking-rent sources may overstate effective rent 5-15% in soft submarkets (DOM>25 or conc>12%)
98126,King,Seattle,urban,820000,6.0,1900,2540,3580,4500,3.3,10.0,0.367,4.8,22,18,10.5,58.0,42.0,62,70,16,14,3923,2549,180,160,48,66,3.3,false,MODELED: ZHVI Zillow Q3-2025 ZIP series | SAFMR FY2025 primary; ZORI 2025 re-anchored sanity (re-anchor breaks pre-2024 series) | renter_hh = pop/2.46 * renter_pct | small_portfolio_share = u14%*0.68+u519%*0.18 | rate_locked_owner_pct_est from FHFA NMDB 2024 + Redfin Lock-In Seattle MSA Q4-2024 | Asking-rent sources may overstate effective rent 5-15% in soft submarkets (DOM>25 or conc>12%)
98133,King,Seattle,suburban,720000,7.0,2050,2780,3920,4920,3.4,10.5,0.457,5.0,22,18,11.0,48.0,52.0,48,58,20,22,11256,6236,260,110,34,62,3.4,false,MODELED: ZHVI Zillow Q3-2025 ZIP series | SAFMR FY2025 primary; ZORI 2025 re-anchored sanity (re-anchor breaks pre-2024 series) | renter_hh = pop/2.46 * renter_pct | small_portfolio_share = u14%*0.68+u519%*0.18 | rate_locked_owner_pct_est from FHFA NMDB 2024 + Redfin Lock-In Seattle MSA Q4-2024 | Asking-rent sources may overstate effective rent 5-15% in soft submarkets (DOM>25 or conc>12%)
98134,King,Seattle,urban,520000,4.0,1900,2540,3580,4500,2.5,7.0,0.579,8.0,24,38,15.0,22.0,78.0,10,18,14,68,205,39,80,8,2,58,2.5,true,MODELED: ZHVI Zillow Q3-2025 ZIP series | SAFMR FY2025 primary; ZORI 2025 re-anchored sanity (re-anchor breaks pre-2024 series) | renter_hh = pop/2.46 * renter_pct | small_portfolio_share = u14%*0.68+u519%*0.18 | rate_locked_owner_pct_est from FHFA NMDB 2024 + Redfin Lock-In Seattle MSA Q4-2024 | Asking-rent sources may overstate effective rent 5-15% in soft submarkets (DOM>25 or conc>12%) | FLAG asking>effective likely
98136,King,Seattle,urban,920000,5.0,1900,2540,3580,4500,3.1,9.5,0.327,4.6,22,18,10.0,68.0,32.0,74,80,12,8,2244,1634,80,120,36,70,3.1,false,MODELED: ZHVI Zillow Q3-2025 ZIP series | SAFMR FY2025 primary; ZORI 2025 re-anchored sanity (re-anchor breaks pre-2024 series) | renter_hh = pop/2.46 * renter_pct | small_portfolio_share = u14%*0.68+u519%*0.18 | rate_locked_owner_pct_est from FHFA NMDB 2024 + Redfin Lock-In Seattle MSA Q4-2024 | Asking-rent sources may overstate effective rent 5-15% in soft submarkets (DOM>25 or conc>12%)
98144,King,Seattle,urban,820000,5.0,2050,2780,3920,4920,3.2,9.5,0.401,5.8,20,20,12.0,38.0,62.0,32,42,22,36,8515,3564,380,140,44,64,3.2,false,MODELED: ZHVI Zillow Q3-2025 ZIP series | SAFMR FY2025 primary; ZORI 2025 re-anchored sanity (re-anchor breaks pre-2024 series) | renter_hh = pop/2.46 * renter_pct | small_portfolio_share = u14%*0.68+u519%*0.18 | rate_locked_owner_pct_est from FHFA NMDB 2024 + Redfin Lock-In Seattle MSA Q4-2024 | Asking-rent sources may overstate effective rent 5-15% in soft submarkets (DOM>25 or conc>12%)
98146,King,Burien,suburban,580000,8.0,1820,2200,3100,3680,3.8,14.0,0.45,5.2,26,20,12.0,52.0,48.0,58,66,18,16,5575,3453,140,68,22,56,3.8,true,MODELED: ZHVI Zillow Q3-2025 ZIP series | SAFMR FY2025 primary; ZORI 2025 re-anchored sanity (re-anchor breaks pre-2024 series) | renter_hh = pop/2.46 * renter_pct | small_portfolio_share = u14%*0.68+u519%*0.18 | rate_locked_owner_pct_est from FHFA NMDB 2024 + Redfin Lock-In Seattle MSA Q4-2024 | LARGE_UNINC: ADU permits split city + King DLS per jurisdiction-crosswalk | Asking-rent sources may overstate effective rent 5-15% in soft submarkets (DOM>25 or conc>12%) | FLAG asking>effective likely
98148,King,SeaTac,suburban,560000,8.0,1720,2080,2940,3490,4.0,14.5,0.441,5.4,27,21,12.5,50.0,50.0,55,64,18,18,1975,1189,80,24,8,54,4.0,true,MODELED: ZHVI Zillow Q3-2025 ZIP series | SAFMR FY2025 primary; ZORI 2025 re-anchored sanity (re-anchor breaks pre-2024 series) | renter_hh = pop/2.46 * renter_pct | small_portfolio_share = u14%*0.68+u519%*0.18 | rate_locked_owner_pct_est from FHFA NMDB 2024 + Redfin Lock-In Seattle MSA Q4-2024 | Asking-rent sources may overstate effective rent 5-15% in soft submarkets (DOM>25 or conc>12%) | FLAG asking>effective likely
98155,King,Shoreline,suburban,820000,7.0,2050,2780,3920,4920,3.5,11.5,0.401,4.6,22,18,10.0,64.0,36.0,70,78,14,8,5343,3821,140,46,18,64,3.5,false,MODELED: ZHVI Zillow Q3-2025 ZIP series | SAFMR FY2025 primary; ZORI 2025 re-anchored sanity (re-anchor breaks pre-2024 series) | renter_hh = pop/2.46 * renter_pct | small_portfolio_share = u14%*0.68+u519%*0.18 | rate_locked_owner_pct_est from FHFA NMDB 2024 + Redfin Lock-In Seattle MSA Q4-2024 | Asking-rent sources may overstate effective rent 5-15% in soft submarkets (DOM>25 or conc>12%)
98166,King,Burien,suburban,720000,8.0,1820,2200,3100,3680,3.7,13.0,0.362,4.4,24,19,10.5,70.0,30.0,78,86,10,4,2693,2089,80,44,16,62,3.7,false,MODELED: ZHVI Zillow Q3-2025 ZIP series | SAFMR FY2025 primary; ZORI 2025 re-anchored sanity (re-anchor breaks pre-2024 series) | renter_hh = pop/2.46 * renter_pct | small_portfolio_share = u14%*0.68+u519%*0.18 | rate_locked_owner_pct_est from FHFA NMDB 2024 + Redfin Lock-In Seattle MSA Q4-2024 | Asking-rent sources may overstate effective rent 5-15% in soft submarkets (DOM>25 or conc>12%)
98168,King,Tukwila,suburban,520000,9.0,1820,2200,3100,3680,4.2,15.5,0.502,5.8,28,22,13.5,46.0,54.0,52,62,20,18,7799,4593,120,36,14,52,4.2,true,MODELED: ZHVI Zillow Q3-2025 ZIP series | SAFMR FY2025 primary; ZORI 2025 re-anchored sanity (re-anchor breaks pre-2024 series) | renter_hh = pop/2.46 * renter_pct | small_portfolio_share = u14%*0.68+u519%*0.18 | rate_locked_owner_pct_est from FHFA NMDB 2024 + Redfin Lock-In Seattle MSA Q4-2024 | LARGE_UNINC: ADU permits split city + King DLS per jurisdiction-crosswalk | Asking-rent sources may overstate effective rent 5-15% in soft submarkets (DOM>25 or conc>12%) | FLAG asking>effective likely
98177,King,Seattle,suburban,920000,6.0,2050,2780,3920,4920,3.2,10.5,0.358,4.4,22,18,10.0,68.0,32.0,74,82,12,6,2743,2045,90,58,18,66,3.2,false,MODELED: ZHVI Zillow Q3-2025 ZIP series | SAFMR FY2025 primary; ZORI 2025 re-anchored sanity (re-anchor breaks pre-2024 series) | renter_hh = pop/2.46 * renter_pct | small_portfolio_share = u14%*0.68+u519%*0.18 | rate_locked_owner_pct_est from FHFA NMDB 2024 + Redfin Lock-In Seattle MSA Q4-2024 | Asking-rent sources may overstate effective rent 5-15% in soft submarkets (DOM>25 or conc>12%)
98178,King,Renton,suburban,620000,9.0,1820,2200,3100,3680,4.0,14.5,0.421,5.0,27,21,12.0,58.0,42.0,66,74,14,12,4567,3106,120,42,14,58,4.0,true,MODELED: ZHVI Zillow Q3-2025 ZIP series | SAFMR FY2025 primary; ZORI 2025 re-anchored sanity (re-anchor breaks pre-2024 series) | renter_hh = pop/2.46 * renter_pct | small_portfolio_share = u14%*0.68+u519%*0.18 | rate_locked_owner_pct_est from FHFA NMDB 2024 + Redfin Lock-In Seattle MSA Q4-2024 | LARGE_UNINC: ADU permits split city + King DLS per jurisdiction-crosswalk | Asking-rent sources may overstate effective rent 5-15% in soft submarkets (DOM>25 or conc>12%) | FLAG asking>effective likely
98188,King,SeaTac,suburban,520000,9.0,1720,2080,2940,3490,4.3,15.8,0.475,6.0,28,22,14.0,38.0,62.0,44,52,22,26,6883,3483,180,20,8,50,4.3,true,MODELED: ZHVI Zillow Q3-2025 ZIP series | SAFMR FY2025 primary; ZORI 2025 re-anchored sanity (re-anchor breaks pre-2024 series) | renter_hh = pop/2.46 * renter_pct | small_portfolio_share = u14%*0.68+u519%*0.18 | rate_locked_owner_pct_est from FHFA NMDB 2024 + Redfin Lock-In Seattle MSA Q4-2024 | Asking-rent sources may overstate effective rent 5-15% in soft submarkets (DOM>25 or conc>12%) | FLAG asking>effective likely
98198,King,Des Moines,suburban,580000,9.0,1720,2080,2940,3490,4.0,14.5,0.426,5.2,27,21,12.5,58.0,42.0,66,74,14,12,6908,4698,140,32,12,58,4.0,true,MODELED: ZHVI Zillow Q3-2025 ZIP series | SAFMR FY2025 primary; ZORI 2025 re-anchored sanity (re-anchor breaks pre-2024 series) | renter_hh = pop/2.46 * renter_pct | small_portfolio_share = u14%*0.68+u519%*0.18 | rate_locked_owner_pct_est from FHFA NMDB 2024 + Redfin Lock-In Seattle MSA Q4-2024 | Asking-rent sources may overstate effective rent 5-15% in soft submarkets (DOM>25 or conc>12%) | FLAG asking>effective likely
98199,King,Seattle,urban,1280000,5.0,2050,2780,3920,4920,2.9,8.8,0.257,4.6,20,17,10.0,64.0,36.0,66,72,16,12,3288,2194,160,110,34,72,2.9,false,MODELED: ZHVI Zillow Q3-2025 ZIP series | SAFMR FY2025 primary; ZORI 2025 re-anchored sanity (re-anchor breaks pre-2024 series) | renter_hh = pop/2.46 * renter_pct | small_portfolio_share = u14%*0.68+u519%*0.18 | rate_locked_owner_pct_est from FHFA NMDB 2024 + Redfin Lock-In Seattle MSA Q4-2024 | Asking-rent sources may overstate effective rent 5-15% in soft submarkets (DOM>25 or conc>12%)
98201,Snohomish,Everett,urban,520000,8.0,1640,1950,2750,3270,4.2,15.0,0.446,6.4,26,20,14.0,42.0,58.0,46,58,22,20,7061,3845,420,68,22,54,4.2,true,MODELED: ZHVI Zillow Q3-2025 ZIP series | SAFMR FY2025 primary; ZORI 2025 re-anchored sanity (re-anchor breaks pre-2024 series) | renter_hh = pop/2.62 * renter_pct | small_portfolio_share = u14%*0.68+u519%*0.18 | rate_locked_owner_pct_est from FHFA NMDB 2024 + Redfin Lock-In Seattle MSA Q4-2024 | Asking-rent sources may overstate effective rent 5-15% in soft submarkets (DOM>25 or conc>12%) | FLAG asking>effective likely
98203,Snohomish,Everett,suburban,580000,8.0,1640,1950,2750,3270,4.0,14.5,0.4,5.4,26,20,12.5,52.0,48.0,56,64,18,18,6507,3818,220,44,16,56,4.0,true,MODELED: ZHVI Zillow Q3-2025 ZIP series | SAFMR FY2025 primary; ZORI 2025 re-anchored sanity (re-anchor breaks pre-2024 series) | renter_hh = pop/2.62 * renter_pct | small_portfolio_share = u14%*0.68+u519%*0.18 | rate_locked_owner_pct_est from FHFA NMDB 2024 + Redfin Lock-In Seattle MSA Q4-2024 | Asking-rent sources may overstate effective rent 5-15% in soft submarkets (DOM>25 or conc>12%) | FLAG asking>effective likely
98204,Snohomish,Everett,suburban,540000,9.0,1640,1950,2750,3270,4.4,15.8,0.429,5.8,26,20,13.0,42.0,58.0,40,50,22,28,9991,4759,320,28,10,52,4.4,true,MODELED: ZHVI Zillow Q3-2025 ZIP series | SAFMR FY2025 primary; ZORI 2025 re-anchored sanity (re-anchor breaks pre-2024 series) | renter_hh = pop/2.62 * renter_pct | small_portfolio_share = u14%*0.68+u519%*0.18 | rate_locked_owner_pct_est from FHFA NMDB 2024 + Redfin Lock-In Seattle MSA Q4-2024 | Asking-rent sources may overstate effective rent 5-15% in soft submarkets (DOM>25 or conc>12%) | FLAG asking>effective likely
98208,Snohomish,Everett,suburban,720000,8.0,1640,1950,2750,3270,4.0,14.5,0.322,4.8,25,19,11.0,62.0,38.0,66,74,14,12,8835,5858,240,42,14,60,4.0,false,MODELED: ZHVI Zillow Q3-2025 ZIP series | SAFMR FY2025 primary; ZORI 2025 re-anchored sanity (re-anchor breaks pre-2024 series) | renter_hh = pop/2.62 * renter_pct | small_portfolio_share = u14%*0.68+u519%*0.18 | rate_locked_owner_pct_est from FHFA NMDB 2024 + Redfin Lock-In Seattle MSA Q4-2024 | LARGE_UNINC: ADU permits split city + Snohomish PDS per jurisdiction-crosswalk | Asking-rent sources may overstate effective rent 5-15% in soft submarkets (DOM>25 or conc>12%)
98223,Snohomish,Arlington,exurban,620000,7.0,1480,1780,2510,2980,3.5,12.5,0.341,4.4,29,24,10.0,72.0,28.0,78,86,8,6,4969,3736,180,42,14,58,3.5,true,MODELED: ZHVI Zillow Q3-2025 ZIP series | SAFMR FY2025 primary; ZORI 2025 re-anchored sanity (re-anchor breaks pre-2024 series) | renter_hh = pop/2.62 * renter_pct | small_portfolio_share = u14%*0.68+u519%*0.18 | rate_locked_owner_pct_est from FHFA NMDB 2024 + Redfin Lock-In Seattle MSA Q4-2024 | LARGE_UNINC: ADU permits split city + Snohomish PDS per jurisdiction-crosswalk | Asking-rent sources may overstate effective rent 5-15% in soft submarkets (DOM>25 or conc>12%) | FLAG asking>effective likely
98224,King,Baring,rural,420000,4.0,1240,1480,2080,2470,2.5,8.5,0.418,3.5,54,52,6.5,82.0,18.0,88,94,4,2,14,12,4,2,0,58,2.5,true,MODELED: ZHVI Zillow Q3-2025 ZIP series | SAFMR FY2025 primary; ZORI 2025 re-anchored sanity (re-anchor breaks pre-2024 series) | renter_hh = pop/2.46 * renter_pct | small_portfolio_share = u14%*0.68+u519%*0.18 | rate_locked_owner_pct_est from FHFA NMDB 2024 + Redfin Lock-In Seattle MSA Q4-2024 | LARGE_UNINC: ADU permits split city + King DLS per jurisdiction-crosswalk | Asking-rent sources may overstate effective rent 5-15% in soft submarkets (DOM>25 or conc>12%) | FLAG asking>effective likely
98241,Snohomish,Darrington,rural,420000,6.0,1240,1480,2080,2470,3.0,10.5,0.418,4.0,44,42,8.0,78.0,22.0,86,94,4,2,196,159,20,8,2,60,3.0,true,MODELED: ZHVI Zillow Q3-2025 ZIP series | SAFMR FY2025 primary; ZORI 2025 re-anchored sanity (re-anchor breaks pre-2024 series) | renter_hh = pop/2.62 * renter_pct | small_portfolio_share = u14%*0.68+u519%*0.18 | rate_locked_owner_pct_est from FHFA NMDB 2024 + Redfin Lock-In Seattle MSA Q4-2024 | LARGE_UNINC: ADU permits split city + Snohomish PDS per jurisdiction-crosswalk | Asking-rent sources may overstate effective rent 5-15% in soft submarkets (DOM>25 or conc>12%) | FLAG asking>effective likely
98251,Snohomish,Gold Bar,rural,540000,6.0,1240,1480,2080,2470,3.0,10.5,0.325,4.2,36,32,8.5,82.0,18.0,88,94,4,2,337,273,20,12,4,60,3.0,true,MODELED: ZHVI Zillow Q3-2025 ZIP series | SAFMR FY2025 primary; ZORI 2025 re-anchored sanity (re-anchor breaks pre-2024 series) | renter_hh = pop/2.62 * renter_pct | small_portfolio_share = u14%*0.68+u519%*0.18 | rate_locked_owner_pct_est from FHFA NMDB 2024 + Redfin Lock-In Seattle MSA Q4-2024 | LARGE_UNINC: ADU permits split city + Snohomish PDS per jurisdiction-crosswalk | Asking-rent sources may overstate effective rent 5-15% in soft submarkets (DOM>25 or conc>12%) | FLAG asking>effective likely
98252,Snohomish,Granite Falls,exurban,620000,7.0,1480,1780,2510,2980,3.3,11.5,0.341,4.0,30,26,9.0,78.0,22.0,86,92,5,3,870,693,60,22,8,60,3.3,true,MODELED: ZHVI Zillow Q3-2025 ZIP series | SAFMR FY2025 primary; ZORI 2025 re-anchored sanity (re-anchor breaks pre-2024 series) | renter_hh = pop/2.62 * renter_pct | small_portfolio_share = u14%*0.68+u519%*0.18 | rate_locked_owner_pct_est from FHFA NMDB 2024 + Redfin Lock-In Seattle MSA Q4-2024 | LARGE_UNINC: ADU permits split city + Snohomish PDS per jurisdiction-crosswalk | Asking-rent sources may overstate effective rent 5-15% in soft submarkets (DOM>25 or conc>12%) | FLAG asking>effective likely
98256,Snohomish,Index,rural,520000,5.0,1240,1480,2080,2470,2.8,10.0,0.338,3.8,48,46,7.5,84.0,16.0,90,96,2,2,22,18,10,4,1,62,2.8,true,MODELED: ZHVI Zillow Q3-2025 ZIP series | SAFMR FY2025 primary; ZORI 2025 re-anchored sanity (re-anchor breaks pre-2024 series) | renter_hh = pop/2.62 * renter_pct | small_portfolio_share = u14%*0.68+u519%*0.18 | rate_locked_owner_pct_est from FHFA NMDB 2024 + Redfin Lock-In Seattle MSA Q4-2024 | LARGE_UNINC: ADU permits split city + Snohomish PDS per jurisdiction-crosswalk | Asking-rent sources may overstate effective rent 5-15% in soft submarkets (DOM>25 or conc>12%) | FLAG asking>effective likely
98258,Snohomish,Lake Stevens,suburban,720000,8.0,1640,1950,2750,3270,3.7,13.0,0.322,4.2,27,22,10.0,72.0,28.0,80,88,8,4,5638,4335,140,32,12,58,3.7,true,MODELED: ZHVI Zillow Q3-2025 ZIP series | SAFMR FY2025 primary; ZORI 2025 re-anchored sanity (re-anchor breaks pre-2024 series) | renter_hh = pop/2.62 * renter_pct | small_portfolio_share = u14%*0.68+u519%*0.18 | rate_locked_owner_pct_est from FHFA NMDB 2024 + Redfin Lock-In Seattle MSA Q4-2024 | Asking-rent sources may overstate effective rent 5-15% in soft submarkets (DOM>25 or conc>12%) | FLAG asking>effective likely
98270,Snohomish,Marysville,suburban,620000,8.0,1640,1950,2750,3270,3.8,13.5,0.374,4.6,26,21,11.0,66.0,34.0,72,80,12,8,7144,5070,220,42,16,56,3.8,true,MODELED: ZHVI Zillow Q3-2025 ZIP series | SAFMR FY2025 primary; ZORI 2025 re-anchored sanity (re-anchor breaks pre-2024 series) | renter_hh = pop/2.62 * renter_pct | small_portfolio_share = u14%*0.68+u519%*0.18 | rate_locked_owner_pct_est from FHFA NMDB 2024 + Redfin Lock-In Seattle MSA Q4-2024 | Asking-rent sources may overstate effective rent 5-15% in soft submarkets (DOM>25 or conc>12%) | FLAG asking>effective likely
98271,Snohomish,Marysville,suburban,560000,8.0,1480,1780,2510,2980,3.8,13.5,0.377,4.4,27,22,10.5,66.0,34.0,72,80,12,8,4002,2840,180,24,10,54,3.8,true,MODELED: ZHVI Zillow Q3-2025 ZIP series | SAFMR FY2025 primary; ZORI 2025 re-anchored sanity (re-anchor breaks pre-2024 series) | renter_hh = pop/2.62 * renter_pct | small_portfolio_share = u14%*0.68+u519%*0.18 | rate_locked_owner_pct_est from FHFA NMDB 2024 + Redfin Lock-In Seattle MSA Q4-2024 | LARGE_UNINC: ADU permits split city + Snohomish PDS per jurisdiction-crosswalk | Asking-rent sources may overstate effective rent 5-15% in soft submarkets (DOM>25 or conc>12%) | FLAG asking>effective likely
98272,Snohomish,Monroe,exurban,620000,7.0,1480,1780,2510,2980,3.5,12.5,0.341,4.2,28,24,9.5,74.0,26.0,82,88,8,4,3120,2399,140,28,10,58,3.5,true,MODELED: ZHVI Zillow Q3-2025 ZIP series | SAFMR FY2025 primary; ZORI 2025 re-anchored sanity (re-anchor breaks pre-2024 series) | renter_hh = pop/2.62 * renter_pct | small_portfolio_share = u14%*0.68+u519%*0.18 | rate_locked_owner_pct_est from FHFA NMDB 2024 + Redfin Lock-In Seattle MSA Q4-2024 | LARGE_UNINC: ADU permits split city + Snohomish PDS per jurisdiction-crosswalk | Asking-rent sources may overstate effective rent 5-15% in soft submarkets (DOM>25 or conc>12%) | FLAG asking>effective likely
98275,Snohomish,Mukilteo,suburban,820000,7.0,2010,2400,3360,4220,3.7,13.0,0.35,4.4,24,18,10.0,66.0,34.0,68,74,12,14,2767,1822,160,42,16,64,3.7,false,MODELED: ZHVI Zillow Q3-2025 ZIP series | SAFMR FY2025 primary; ZORI 2025 re-anchored sanity (re-anchor breaks pre-2024 series) | renter_hh = pop/2.62 * renter_pct | small_portfolio_share = u14%*0.68+u519%*0.18 | rate_locked_owner_pct_est from FHFA NMDB 2024 + Redfin Lock-In Seattle MSA Q4-2024 | Asking-rent sources may overstate effective rent 5-15% in soft submarkets (DOM>25 or conc>12%)
98288,King,Skykomish,rural,440000,4.0,1240,1480,2080,2470,2.5,8.5,0.399,3.5,54,52,6.5,82.0,18.0,88,94,4,2,12,10,4,2,0,58,2.5,true,MODELED: ZHVI Zillow Q3-2025 ZIP series | SAFMR FY2025 primary; ZORI 2025 re-anchored sanity (re-anchor breaks pre-2024 series) | renter_hh = pop/2.46 * renter_pct | small_portfolio_share = u14%*0.68+u519%*0.18 | rate_locked_owner_pct_est from FHFA NMDB 2024 + Redfin Lock-In Seattle MSA Q4-2024 | LARGE_UNINC: ADU permits split city + King DLS per jurisdiction-crosswalk | Asking-rent sources may overstate effective rent 5-15% in soft submarkets (DOM>25 or conc>12%) | FLAG asking>effective likely
98290,Snohomish,Snohomish,exurban,720000,7.0,1640,1950,2750,3270,3.5,12.5,0.322,4.0,28,24,9.5,80.0,20.0,86,92,5,3,3040,2421,80,28,10,62,3.5,true,MODELED: ZHVI Zillow Q3-2025 ZIP series | SAFMR FY2025 primary; ZORI 2025 re-anchored sanity (re-anchor breaks pre-2024 series) | renter_hh = pop/2.62 * renter_pct | small_portfolio_share = u14%*0.68+u519%*0.18 | rate_locked_owner_pct_est from FHFA NMDB 2024 + Redfin Lock-In Seattle MSA Q4-2024 | LARGE_UNINC: ADU permits split city + Snohomish PDS per jurisdiction-crosswalk | Asking-rent sources may overstate effective rent 5-15% in soft submarkets (DOM>25 or conc>12%) | FLAG asking>effective likely
98292,Snohomish,Stanwood,exurban,620000,7.0,1480,1780,2510,2980,3.5,12.5,0.341,4.0,30,26,9.5,78.0,22.0,84,90,6,4,2300,1797,80,22,8,60,3.5,true,MODELED: ZHVI Zillow Q3-2025 ZIP series | SAFMR FY2025 primary; ZORI 2025 re-anchored sanity (re-anchor breaks pre-2024 series) | renter_hh = pop/2.62 * renter_pct | small_portfolio_share = u14%*0.68+u519%*0.18 | rate_locked_owner_pct_est from FHFA NMDB 2024 + Redfin Lock-In Seattle MSA Q4-2024 | LARGE_UNINC: ADU permits split city + Snohomish PDS per jurisdiction-crosswalk | Asking-rent sources may overstate effective rent 5-15% in soft submarkets (DOM>25 or conc>12%) | FLAG asking>effective likely
98294,Snohomish,Sultan,rural,580000,6.0,1240,1480,2080,2470,3.2,11.0,0.303,4.0,36,32,8.5,78.0,22.0,86,92,4,4,669,531,40,14,4,60,3.2,true,MODELED: ZHVI Zillow Q3-2025 ZIP series | SAFMR FY2025 primary; ZORI 2025 re-anchored sanity (re-anchor breaks pre-2024 series) | renter_hh = pop/2.62 * renter_pct | small_portfolio_share = u14%*0.68+u519%*0.18 | rate_locked_owner_pct_est from FHFA NMDB 2024 + Redfin Lock-In Seattle MSA Q4-2024 | LARGE_UNINC: ADU permits split city + Snohomish PDS per jurisdiction-crosswalk | Asking-rent sources may overstate effective rent 5-15% in soft submarkets (DOM>25 or conc>12%) | FLAG asking>effective likely
98296,Snohomish,Snohomish,exurban,920000,7.0,1640,1950,2750,3270,3.5,12.5,0.252,4.0,27,22,9.0,84.0,16.0,90,94,4,2,1704,1382,120,32,12,64,3.5,true,MODELED: ZHVI Zillow Q3-2025 ZIP series | SAFMR FY2025 primary; ZORI 2025 re-anchored sanity (re-anchor breaks pre-2024 series) | renter_hh = pop/2.62 * renter_pct | small_portfolio_share = u14%*0.68+u519%*0.18 | rate_locked_owner_pct_est from FHFA NMDB 2024 + Redfin Lock-In Seattle MSA Q4-2024 | LARGE_UNINC: ADU permits split city + Snohomish PDS per jurisdiction-crosswalk | Asking-rent sources may overstate effective rent 5-15% in soft submarkets (DOM>25 or conc>12%) | FLAG asking>effective likely
