school_id,school_name,school_type,grade_levels,district_id,district_name,address,city,state,zip,latitude,longitude,enrollment_current,enrollment_3yr_change_pct,enrollment_5yr_change_pct,rating_greatschools,rating_niche,rating_blended,student_teacher_ratio,pct_free_reduced_lunch,last_boundary_change_year,boundary_change_pending,notes
NCES-5307710-0001,View Ridge Elementary,public,elem,NCES-5307710,Seattle Public Schools,# TODO: source needed - NCES EDGE locations,Seattle,WA,98115,# TODO: source needed - NCES EDGE locations,# TODO: source needed - NCES EDGE locations,# TODO: source needed - OSPI Washington State Report Card,# TODO: source needed - OSPI Washington State Report Card,# TODO: source needed - OSPI Washington State Report Card,9,A,90.8,# TODO: source needed - OSPI,# TODO: source needed - OSPI,2019,true,NE Seattle anchor; SPS well-resourced-schools plan pending 2025-26.
NCES-5307710-0002,Bryant Elementary,public,elem,NCES-5307710,Seattle Public Schools,# TODO,Seattle,WA,98115,# TODO,# TODO,# TODO,# TODO,# TODO,9,A,90.8,# TODO,# TODO,2019,true,SPS consolidation pending.
NCES-5307710-0003,Wedgwood Elementary,public,elem,NCES-5307710,Seattle Public Schools,# TODO,Seattle,WA,98115,# TODO,# TODO,# TODO,# TODO,# TODO,8,A-,83.2,# TODO,# TODO,2019,true,SPS consolidation pending.
NCES-5307710-0004,Laurelhurst Elementary,public,elem,NCES-5307710,Seattle Public Schools,# TODO,Seattle,WA,98105,# TODO,# TODO,# TODO,# TODO,# TODO,9,A,90.8,# TODO,# TODO,2019,true,SPS consolidation pending.
NCES-5307710-0005,John Hay Elementary,public,elem,NCES-5307710,Seattle Public Schools,# TODO,Seattle,WA,98119,# TODO,# TODO,# TODO,# TODO,# TODO,8,A-,83.2,# TODO,# TODO,2019,true,Queen Anne.
NCES-5307710-0006,McGilvra Elementary,public,elem,NCES-5307710,Seattle Public Schools,# TODO,Seattle,WA,98112,# TODO,# TODO,# TODO,# TODO,# TODO,9,A,90.8,# TODO,# TODO,2019,true,Madison Park.
NCES-5307710-0007,Stevens Elementary,public,elem,NCES-5307710,Seattle Public Schools,# TODO,Seattle,WA,98102,# TODO,# TODO,# TODO,# TODO,# TODO,7,B+,76.0,# TODO,# TODO,2019,true,Capitol Hill.
NCES-5307710-0008,Bagley Elementary,public,elem,NCES-5307710,Seattle Public Schools,# TODO,Seattle,WA,98103,# TODO,# TODO,# TODO,# TODO,# TODO,8,A-,83.2,# TODO,# TODO,2019,true,
NCES-5307710-0009,West Woodland Elementary,public,elem,NCES-5307710,Seattle Public Schools,# TODO,Seattle,WA,98107,# TODO,# TODO,# TODO,# TODO,# TODO,8,A-,83.2,# TODO,# TODO,2019,true,
NCES-5307710-0010,Loyal Heights Elementary,public,elem,NCES-5307710,Seattle Public Schools,# TODO,Seattle,WA,98117,# TODO,# TODO,# TODO,# TODO,# TODO,8,A-,83.2,# TODO,# TODO,2019,true,Ballard.
NCES-5307710-0011,Lawton Elementary,public,elem,NCES-5307710,Seattle Public Schools,# TODO,Seattle,WA,98199,# TODO,# TODO,# TODO,# TODO,# TODO,9,A,90.8,# TODO,# TODO,2019,true,Magnolia.
NCES-5307710-0012,Catharine Blaine K-8,public,k8,NCES-5307710,Seattle Public Schools,# TODO,Seattle,WA,98199,# TODO,# TODO,# TODO,# TODO,# TODO,9,A,90.8,# TODO,# TODO,2019,true,Magnolia.
NCES-5307710-0013,Thurgood Marshall Elementary,public,elem,NCES-5307710,Seattle Public Schools,# TODO,Seattle,WA,98144,# TODO,# TODO,# TODO,# TODO,# TODO,5,B-,61.2,# TODO,# TODO,2019,true,
NCES-5307710-0014,Madrona Elementary,public,elem,NCES-5307710,Seattle Public Schools,# TODO,Seattle,WA,98122,# TODO,# TODO,# TODO,# TODO,# TODO,4,C+,54.0,# TODO,# TODO,2019,true,
NCES-5307710-0015,Leschi Elementary,public,elem,NCES-5307710,Seattle Public Schools,# TODO,Seattle,WA,98144,# TODO,# TODO,# TODO,# TODO,# TODO,4,C+,54.0,# TODO,# TODO,2019,true,
NCES-5307710-0016,Beacon Hill International,public,elem,NCES-5307710,Seattle Public Schools,# TODO,Seattle,WA,98108,# TODO,# TODO,# TODO,# TODO,# TODO,5,B-,61.2,# TODO,# TODO,2019,true,
NCES-5307710-0017,Maple Elementary,public,elem,NCES-5307710,Seattle Public Schools,# TODO,Seattle,WA,98118,# TODO,# TODO,# TODO,# TODO,# TODO,5,B-,61.2,# TODO,# TODO,2019,true,
NCES-5307710-0018,Emerson Elementary,public,elem,NCES-5307710,Seattle Public Schools,# TODO,Seattle,WA,98118,# TODO,# TODO,# TODO,# TODO,# TODO,3,C,46.8,# TODO,# TODO,2019,true,
NCES-5307710-0019,Dunlap Elementary,public,elem,NCES-5307710,Seattle Public Schools,# TODO,Seattle,WA,98118,# TODO,# TODO,# TODO,# TODO,# TODO,3,C,46.8,# TODO,# TODO,2019,true,
NCES-5307710-0020,Wing Luke Elementary,public,elem,NCES-5307710,Seattle Public Schools,# TODO,Seattle,WA,98118,# TODO,# TODO,# TODO,# TODO,# TODO,4,C+,54.0,# TODO,# TODO,2019,true,
NCES-5307710-0021,Roxhill Elementary,public,elem,NCES-5307710,Seattle Public Schools,# TODO,Seattle,WA,98106,# TODO,# TODO,# TODO,# TODO,# TODO,4,C+,54.0,# TODO,# TODO,2019,true,
NCES-5307710-0022,Highland Park Elementary,public,elem,NCES-5307710,Seattle Public Schools,# TODO,Seattle,WA,98106,# TODO,# TODO,# TODO,# TODO,# TODO,3,C,46.8,# TODO,# TODO,2019,true,
NCES-5307710-0023,Lafayette Elementary,public,elem,NCES-5307710,Seattle Public Schools,# TODO,Seattle,WA,98116,# TODO,# TODO,# TODO,# TODO,# TODO,7,B+,76.0,# TODO,# TODO,2019,true,West Seattle.
NCES-5307710-0024,Schmitz Park Elementary,public,elem,NCES-5307710,Seattle Public Schools,# TODO,Seattle,WA,98116,# TODO,# TODO,# TODO,# TODO,# TODO,8,A-,83.2,# TODO,# TODO,2019,true,West Seattle.
NCES-5307710-0025,Eckstein Middle School,public,middle,NCES-5307710,Seattle Public Schools,# TODO,Seattle,WA,98115,# TODO,# TODO,# TODO,# TODO,# TODO,8,A-,83.2,# TODO,# TODO,2019,true,NE Seattle.
NCES-5307710-0026,Whitman Middle School,public,middle,NCES-5307710,Seattle Public Schools,# TODO,Seattle,WA,98117,# TODO,# TODO,# TODO,# TODO,# TODO,7,B+,76.0,# TODO,# TODO,2019,true,
NCES-5307710-0027,Hamilton International Middle,public,middle,NCES-5307710,Seattle Public Schools,# TODO,Seattle,WA,98103,# TODO,# TODO,# TODO,# TODO,# TODO,8,A-,83.2,# TODO,# TODO,2019,true,
NCES-5307710-0028,McClure Middle School,public,middle,NCES-5307710,Seattle Public Schools,# TODO,Seattle,WA,98119,# TODO,# TODO,# TODO,# TODO,# TODO,7,B+,76.0,# TODO,# TODO,2019,true,
NCES-5307710-0029,Washington Middle School,public,middle,NCES-5307710,Seattle Public Schools,# TODO,Seattle,WA,98144,# TODO,# TODO,# TODO,# TODO,# TODO,5,B-,61.2,# TODO,# TODO,2019,true,
NCES-5307710-0030,Mercer Middle School,public,middle,NCES-5307710,Seattle Public Schools,# TODO,Seattle,WA,98108,# TODO,# TODO,# TODO,# TODO,# TODO,5,B-,61.2,# TODO,# TODO,2019,true,
NCES-5307710-0031,Aki Kurose Middle,public,middle,NCES-5307710,Seattle Public Schools,# TODO,Seattle,WA,98118,# TODO,# TODO,# TODO,# TODO,# TODO,3,C,46.8,# TODO,# TODO,2019,true,
NCES-5307710-0032,Denny International Middle,public,middle,NCES-5307710,Seattle Public Schools,# TODO,Seattle,WA,98106,# TODO,# TODO,# TODO,# TODO,# TODO,4,C+,54.0,# TODO,# TODO,2019,true,
NCES-5307710-0033,Madison Middle School,public,middle,NCES-5307710,Seattle Public Schools,# TODO,Seattle,WA,98136,# TODO,# TODO,# TODO,# TODO,# TODO,7,B+,76.0,# TODO,# TODO,2019,true,West Seattle.
NCES-5307710-0034,Roosevelt High School,public,high,NCES-5307710,Seattle Public Schools,# TODO,Seattle,WA,98115,# TODO,# TODO,# TODO,# TODO,# TODO,9,A,90.8,# TODO,# TODO,2019,true,NE flagship.
NCES-5307710-0035,Ballard High School,public,high,NCES-5307710,Seattle Public Schools,# TODO,Seattle,WA,98107,# TODO,# TODO,# TODO,# TODO,# TODO,8,A-,83.2,# TODO,# TODO,2019,true,
NCES-5307710-0036,Garfield High School,public,high,NCES-5307710,Seattle Public Schools,# TODO,Seattle,WA,98122,# TODO,# TODO,# TODO,# TODO,# TODO,8,A-,83.2,# TODO,# TODO,2019,true,
NCES-5307710-0037,Ingraham High School,public,high,NCES-5307710,Seattle Public Schools,# TODO,Seattle,WA,98133,# TODO,# TODO,# TODO,# TODO,# TODO,7,B+,76.0,# TODO,# TODO,2019,true,
NCES-5307710-0038,Lincoln High School,public,high,NCES-5307710,Seattle Public Schools,# TODO,Seattle,WA,98103,# TODO,# TODO,# TODO,# TODO,# TODO,7,B+,76.0,# TODO,# TODO,2019,true,Reopened 2019; boundary stabilization ongoing.
NCES-5307710-0039,Nathan Hale High School,public,high,NCES-5307710,Seattle Public Schools,# TODO,Seattle,WA,98125,# TODO,# TODO,# TODO,# TODO,# TODO,7,B+,76.0,# TODO,# TODO,2019,true,
NCES-5307710-0040,West Seattle High School,public,high,NCES-5307710,Seattle Public Schools,# TODO,Seattle,WA,98116,# TODO,# TODO,# TODO,# TODO,# TODO,6,B,68.8,# TODO,# TODO,2019,true,
NCES-5307710-0041,Chief Sealth International HS,public,high,NCES-5307710,Seattle Public Schools,# TODO,Seattle,WA,98106,# TODO,# TODO,# TODO,# TODO,# TODO,5,B-,61.2,# TODO,# TODO,2019,true,
NCES-5307710-0042,Cleveland STEM HS,magnet,high,NCES-5307710,Seattle Public Schools,# TODO,Seattle,WA,98108,# TODO,# TODO,# TODO,# TODO,# TODO,5,B-,61.2,# TODO,# TODO,,false,Option STEM.
NCES-5307710-0043,Franklin High School,public,high,NCES-5307710,Seattle Public Schools,# TODO,Seattle,WA,98118,# TODO,# TODO,# TODO,# TODO,# TODO,5,B-,61.2,# TODO,# TODO,2019,true,
NCES-5307710-0044,Rainier Beach HS,public,high,NCES-5307710,Seattle Public Schools,# TODO,Seattle,WA,98118,# TODO,# TODO,# TODO,# TODO,# TODO,3,C,46.8,# TODO,# TODO,2019,true,
NCES-5307710-0045,The Center School,magnet,high,NCES-5307710,Seattle Public Schools,# TODO,Seattle,WA,98109,# TODO,# TODO,# TODO,# TODO,# TODO,8,A-,83.2,# TODO,# TODO,,false,Arts focus option.
NCES-5300420-0001,Medina Elementary,public,elem,NCES-5300420,Bellevue School District,# TODO,Medina,WA,98039,# TODO,# TODO,# TODO,# TODO,# TODO,10,A+,99.2,# TODO,# TODO,2018,false,Top-rated district elem.
NCES-5300420-0002,Clyde Hill Elementary,public,elem,NCES-5300420,Bellevue School District,# TODO,Clyde Hill,WA,98004,# TODO,# TODO,# TODO,# TODO,# TODO,10,A+,99.2,# TODO,# TODO,2018,false,
NCES-5300420-0003,Cherry Crest Elementary,public,elem,NCES-5300420,Bellevue School District,# TODO,Bellevue,WA,98005,# TODO,# TODO,# TODO,# TODO,# TODO,10,A+,99.2,# TODO,# TODO,2018,false,
NCES-5300420-0004,Somerset Elementary,public,elem,NCES-5300420,Bellevue School District,# TODO,Bellevue,WA,98006,# TODO,# TODO,# TODO,# TODO,# TODO,10,A+,99.2,# TODO,# TODO,2018,false,
NCES-5300420-0005,Spiritridge Elementary,public,elem,NCES-5300420,Bellevue School District,# TODO,Bellevue,WA,98006,# TODO,# TODO,# TODO,# TODO,# TODO,9,A,90.8,# TODO,# TODO,2018,false,
NCES-5300420-0006,Newport Heights Elementary,public,elem,NCES-5300420,Bellevue School District,# TODO,Bellevue,WA,98006,# TODO,# TODO,# TODO,# TODO,# TODO,9,A,90.8,# TODO,# TODO,2018,false,
NCES-5300420-0007,Bennett Elementary,public,elem,NCES-5300420,Bellevue School District,# TODO,Bellevue,WA,98008,# TODO,# TODO,# TODO,# TODO,# TODO,9,A,90.8,# TODO,# TODO,2018,false,
NCES-5300420-0008,Ardmore Elementary,public,elem,NCES-5300420,Bellevue School District,# TODO,Bellevue,WA,98005,# TODO,# TODO,# TODO,# TODO,# TODO,8,A-,83.2,# TODO,# TODO,2024,true,Boundary review pending consolidation.
NCES-5300420-0009,Lake Hills Elementary,public,elem,NCES-5300420,Bellevue School District,# TODO,Bellevue,WA,98007,# TODO,# TODO,# TODO,# TODO,# TODO,7,B+,76.0,# TODO,# TODO,2018,false,
NCES-5300420-0010,Stevenson Elementary,public,elem,NCES-5300420,Bellevue School District,# TODO,Bellevue,WA,98008,# TODO,# TODO,# TODO,# TODO,# TODO,8,A-,83.2,# TODO,# TODO,2018,false,
NCES-5300420-0011,Sherwood Forest Elementary,public,elem,NCES-5300420,Bellevue School District,# TODO,Bellevue,WA,98006,# TODO,# TODO,# TODO,# TODO,# TODO,9,A,90.8,# TODO,# TODO,2018,false,
NCES-5300420-0012,Eastgate Elementary,public,elem,NCES-5300420,Bellevue School District,# TODO,Bellevue,WA,98007,# TODO,# TODO,# TODO,# TODO,# TODO,6,B,68.8,# TODO,# TODO,2024,true,Slated for closure SY 2024-25 per district announcement.
NCES-5300420-0013,Phantom Lake Elementary,public,elem,NCES-5300420,Bellevue School District,# TODO,Bellevue,WA,98008,# TODO,# TODO,# TODO,# TODO,# TODO,7,B+,76.0,# TODO,# TODO,2018,false,
NCES-5300420-0014,Woodridge Elementary,public,elem,NCES-5300420,Bellevue School District,# TODO,Bellevue,WA,98007,# TODO,# TODO,# TODO,# TODO,# TODO,6,B,68.8,# TODO,# TODO,2018,false,
NCES-5300420-0015,Enatai Elementary,public,elem,NCES-5300420,Bellevue School District,# TODO,Bellevue,WA,98004,# TODO,# TODO,# TODO,# TODO,# TODO,9,A,90.8,# TODO,# TODO,2018,false,
NCES-5300420-0016,Wilburton Elementary,public,elem,NCES-5300420,Bellevue School District,# TODO,Bellevue,WA,98004,# TODO,# TODO,# TODO,# TODO,# TODO,6,B,68.8,# TODO,# TODO,2024,true,Slated to close end of SY 2024-25.
NCES-5300420-0017,Chinook Middle School,public,middle,NCES-5300420,Bellevue School District,# TODO,Bellevue,WA,98007,# TODO,# TODO,# TODO,# TODO,# TODO,8,A-,83.2,# TODO,# TODO,2018,false,
NCES-5300420-0018,Tillicum Middle School,public,middle,NCES-5300420,Bellevue School District,# TODO,Bellevue,WA,98006,# TODO,# TODO,# TODO,# TODO,# TODO,9,A,90.8,# TODO,# TODO,2018,false,
NCES-5300420-0019,Highland Middle School,public,middle,NCES-5300420,Bellevue School District,# TODO,Bellevue,WA,98008,# TODO,# TODO,# TODO,# TODO,# TODO,8,A-,83.2,# TODO,# TODO,2018,false,
NCES-5300420-0020,Odle Middle School,public,middle,NCES-5300420,Bellevue School District,# TODO,Bellevue,WA,98004,# TODO,# TODO,# TODO,# TODO,# TODO,9,A,90.8,# TODO,# TODO,2018,false,
NCES-5300420-0021,International School (G6-12),magnet,k12,NCES-5300420,Bellevue School District,# TODO,Bellevue,WA,98007,# TODO,# TODO,# TODO,# TODO,# TODO,10,A+,99.2,# TODO,# TODO,,false,Option/magnet.
NCES-5300420-0022,Bellevue High School,public,high,NCES-5300420,Bellevue School District,# TODO,Bellevue,WA,98004,# TODO,# TODO,# TODO,# TODO,# TODO,9,A,90.8,# TODO,# TODO,2018,false,
NCES-5300420-0023,Newport High School,public,high,NCES-5300420,Bellevue School District,# TODO,Bellevue,WA,98006,# TODO,# TODO,# TODO,# TODO,# TODO,10,A+,99.2,# TODO,# TODO,2018,false,
NCES-5300420-0024,Interlake High School,public,high,NCES-5300420,Bellevue School District,# TODO,Bellevue,WA,98007,# TODO,# TODO,# TODO,# TODO,# TODO,9,A,90.8,# TODO,# TODO,2018,true,IB; consolidation discussion 2026-27.
NCES-5300420-0025,Sammamish High School,public,high,NCES-5300420,Bellevue School District,# TODO,Bellevue,WA,98008,# TODO,# TODO,# TODO,# TODO,# TODO,7,B+,76.0,# TODO,# TODO,2018,true,Possible boundary shift under consolidation.
NCES-5304800-0001,Audubon Elementary,public,elem,NCES-5304800,Lake Washington School District,# TODO,Redmond,WA,98053,# TODO,# TODO,# TODO,# TODO,# TODO,10,A+,99.2,# TODO,# TODO,2022,false,
NCES-5304800-0002,Carson Elementary,public,elem,NCES-5304800,Lake Washington School District,# TODO,Redmond,WA,98053,# TODO,# TODO,# TODO,# TODO,# TODO,10,A+,99.2,# TODO,# TODO,2022,false,
NCES-5304800-0003,Einstein Elementary,public,elem,NCES-5304800,Lake Washington School District,# TODO,Redmond,WA,98052,# TODO,# TODO,# TODO,# TODO,# TODO,9,A,90.8,# TODO,# TODO,2022,false,
NCES-5304800-0004,Norman Rockwell Elementary,public,elem,NCES-5304800,Lake Washington School District,# TODO,Redmond,WA,98053,# TODO,# TODO,# TODO,# TODO,# TODO,9,A,90.8,# TODO,# TODO,2022,false,
NCES-5304800-0005,Wilder Elementary,public,elem,NCES-5304800,Lake Washington School District,# TODO,Sammamish,WA,98074,# TODO,# TODO,# TODO,# TODO,# TODO,10,A+,99.2,# TODO,# TODO,2022,false,
NCES-5304800-0006,Mead Elementary,public,elem,NCES-5304800,Lake Washington School District,# TODO,Sammamish,WA,98074,# TODO,# TODO,# TODO,# TODO,# TODO,10,A+,99.2,# TODO,# TODO,2022,false,
NCES-5304800-0007,McAuliffe Elementary,public,elem,NCES-5304800,Lake Washington School District,# TODO,Sammamish,WA,98074,# TODO,# TODO,# TODO,# TODO,# TODO,10,A+,99.2,# TODO,# TODO,2022,false,
NCES-5304800-0008,Smith Elementary,public,elem,NCES-5304800,Lake Washington School District,# TODO,Sammamish,WA,98075,# TODO,# TODO,# TODO,# TODO,# TODO,9,A,90.8,# TODO,# TODO,2022,false,
NCES-5304800-0009,Mark Twain Elementary,public,elem,NCES-5304800,Lake Washington School District,# TODO,Sammamish,WA,98075,# TODO,# TODO,# TODO,# TODO,# TODO,10,A+,99.2,# TODO,# TODO,2022,false,
NCES-5304800-0010,Margaret Mead Elementary,public,elem,NCES-5304800,Lake Washington School District,# TODO,Sammamish,WA,98074,# TODO,# TODO,# TODO,# TODO,# TODO,10,A+,99.2,# TODO,# TODO,2022,false,
NCES-5304800-0011,Frost Elementary,public,elem,NCES-5304800,Lake Washington School District,# TODO,Kirkland,WA,98033,# TODO,# TODO,# TODO,# TODO,# TODO,8,A-,83.2,# TODO,# TODO,2022,false,
NCES-5304800-0012,Lakeview Elementary,public,elem,NCES-5304800,Lake Washington School District,# TODO,Kirkland,WA,98033,# TODO,# TODO,# TODO,# TODO,# TODO,9,A,90.8,# TODO,# TODO,2022,false,
NCES-5304800-0013,Peter Kirk Elementary,public,elem,NCES-5304800,Lake Washington School District,# TODO,Kirkland,WA,98033,# TODO,# TODO,# TODO,# TODO,# TODO,9,A,90.8,# TODO,# TODO,2022,false,
NCES-5304800-0014,Juanita Elementary,public,elem,NCES-5304800,Lake Washington School District,# TODO,Kirkland,WA,98034,# TODO,# TODO,# TODO,# TODO,# TODO,7,B+,76.0,# TODO,# TODO,2022,false,
NCES-5304800-0015,Bell Elementary,public,elem,NCES-5304800,Lake Washington School District,# TODO,Kirkland,WA,98034,# TODO,# TODO,# TODO,# TODO,# TODO,8,A-,83.2,# TODO,# TODO,2022,false,
NCES-5304800-0016,Rose Hill Elementary,public,elem,NCES-5304800,Lake Washington School District,# TODO,Redmond,WA,98052,# TODO,# TODO,# TODO,# TODO,# TODO,8,A-,83.2,# TODO,# TODO,2022,false,
NCES-5304800-0017,Mann Elementary,public,elem,NCES-5304800,Lake Washington School District,# TODO,Redmond,WA,98052,# TODO,# TODO,# TODO,# TODO,# TODO,9,A,90.8,# TODO,# TODO,2022,false,
NCES-5304800-0018,Rosa Parks Elementary,public,elem,NCES-5304800,Lake Washington School District,# TODO,Redmond,WA,98053,# TODO,# TODO,# TODO,# TODO,# TODO,9,A,90.8,# TODO,# TODO,2022,false,
NCES-5304800-0019,Evergreen Middle School,public,middle,NCES-5304800,Lake Washington School District,# TODO,Redmond,WA,98053,# TODO,# TODO,# TODO,# TODO,# TODO,9,A,90.8,# TODO,# TODO,2022,false,
NCES-5304800-0020,Redmond Middle School,public,middle,NCES-5304800,Lake Washington School District,# TODO,Redmond,WA,98052,# TODO,# TODO,# TODO,# TODO,# TODO,9,A,90.8,# TODO,# TODO,2022,false,
NCES-5304800-0021,Rose Hill Middle School,public,middle,NCES-5304800,Lake Washington School District,# TODO,Redmond,WA,98052,# TODO,# TODO,# TODO,# TODO,# TODO,8,A-,83.2,# TODO,# TODO,2022,false,
NCES-5304800-0022,Inglewood Middle School,public,middle,NCES-5304800,Lake Washington School District,# TODO,Sammamish,WA,98074,# TODO,# TODO,# TODO,# TODO,# TODO,10,A+,99.2,# TODO,# TODO,2022,false,
NCES-5304800-0023,Timberline Middle School,public,middle,NCES-5304800,Lake Washington School District,# TODO,Redmond,WA,98053,# TODO,# TODO,# TODO,# TODO,# TODO,10,A+,99.2,# TODO,# TODO,2022,false,
NCES-5304800-0024,Finn Hill Middle School,public,middle,NCES-5304800,Lake Washington School District,# TODO,Kirkland,WA,98034,# TODO,# TODO,# TODO,# TODO,# TODO,8,A-,83.2,# TODO,# TODO,2022,false,
NCES-5304800-0025,Kirkland Middle School,public,middle,NCES-5304800,Lake Washington School District,# TODO,Kirkland,WA,98033,# TODO,# TODO,# TODO,# TODO,# TODO,8,A-,83.2,# TODO,# TODO,2022,false,
NCES-5304800-0026,Eastlake High School,public,high,NCES-5304800,Lake Washington School District,# TODO,Sammamish,WA,98074,# TODO,# TODO,# TODO,# TODO,# TODO,10,A+,99.2,# TODO,# TODO,2022,false,
NCES-5304800-0027,Redmond High School,public,high,NCES-5304800,Lake Washington School District,# TODO,Redmond,WA,98052,# TODO,# TODO,# TODO,# TODO,# TODO,9,A,90.8,# TODO,# TODO,2022,false,
NCES-5304800-0028,Lake Washington High School,public,high,NCES-5304800,Lake Washington School District,# TODO,Kirkland,WA,98033,# TODO,# TODO,# TODO,# TODO,# TODO,9,A,90.8,# TODO,# TODO,2022,false,
NCES-5304800-0029,Juanita High School,public,high,NCES-5304800,Lake Washington School District,# TODO,Kirkland,WA,98034,# TODO,# TODO,# TODO,# TODO,# TODO,8,A-,83.2,# TODO,# TODO,2022,false,
NCES-5304800-0030,Tesla STEM High School,magnet,high,NCES-5304800,Lake Washington School District,# TODO,Redmond,WA,98052,# TODO,# TODO,# TODO,# TODO,# TODO,10,A+,99.2,# TODO,# TODO,,false,Option STEM magnet.
NCES-5304080-0001,Sunny Hills Elementary,public,elem,NCES-5304080,Issaquah School District,# TODO,Sammamish,WA,98075,# TODO,# TODO,# TODO,# TODO,# TODO,10,A+,99.2,# TODO,# TODO,2021,false,
NCES-5304080-0002,Endeavour Elementary,public,elem,NCES-5304080,Issaquah School District,# TODO,Issaquah,WA,98029,# TODO,# TODO,# TODO,# TODO,# TODO,10,A+,99.2,# TODO,# TODO,2021,false,
NCES-5304080-0003,Cougar Ridge Elementary,public,elem,NCES-5304080,Issaquah School District,# TODO,Bellevue,WA,98027,# TODO,# TODO,# TODO,# TODO,# TODO,10,A+,99.2,# TODO,# TODO,2021,false,
NCES-5304080-0004,Discovery Elementary,public,elem,NCES-5304080,Issaquah School District,# TODO,Sammamish,WA,98075,# TODO,# TODO,# TODO,# TODO,# TODO,10,A+,99.2,# TODO,# TODO,2021,false,
NCES-5304080-0005,Challenger Elementary,public,elem,NCES-5304080,Issaquah School District,# TODO,Issaquah,WA,98029,# TODO,# TODO,# TODO,# TODO,# TODO,10,A+,99.2,# TODO,# TODO,2021,false,
NCES-5304080-0006,Creekside Elementary,public,elem,NCES-5304080,Issaquah School District,# TODO,Sammamish,WA,98075,# TODO,# TODO,# TODO,# TODO,# TODO,10,A+,99.2,# TODO,# TODO,2021,false,
NCES-5304080-0007,Apollo Elementary,public,elem,NCES-5304080,Issaquah School District,# TODO,Issaquah,WA,98029,# TODO,# TODO,# TODO,# TODO,# TODO,9,A,90.8,# TODO,# TODO,2021,false,
NCES-5304080-0008,Cascade Ridge Elementary,public,elem,NCES-5304080,Issaquah School District,# TODO,Issaquah,WA,98029,# TODO,# TODO,# TODO,# TODO,# TODO,10,A+,99.2,# TODO,# TODO,2021,false,
NCES-5304080-0009,Issaquah Valley Elementary,public,elem,NCES-5304080,Issaquah School District,# TODO,Issaquah,WA,98027,# TODO,# TODO,# TODO,# TODO,# TODO,9,A,90.8,# TODO,# TODO,2021,false,
NCES-5304080-0010,Maple Hills Elementary,public,elem,NCES-5304080,Issaquah School District,# TODO,Issaquah,WA,98027,# TODO,# TODO,# TODO,# TODO,# TODO,9,A,90.8,# TODO,# TODO,2021,false,
NCES-5304080-0011,Briarwood Elementary,public,elem,NCES-5304080,Issaquah School District,# TODO,Sammamish,WA,98075,# TODO,# TODO,# TODO,# TODO,# TODO,9,A,90.8,# TODO,# TODO,2021,false,
NCES-5304080-0012,Newcastle Elementary,public,elem,NCES-5304080,Issaquah School District,# TODO,Newcastle,WA,98059,# TODO,# TODO,# TODO,# TODO,# TODO,9,A,90.8,# TODO,# TODO,2021,false,
NCES-5304080-0013,Grand Ridge Elementary,public,elem,NCES-5304080,Issaquah School District,# TODO,Issaquah,WA,98029,# TODO,# TODO,# TODO,# TODO,# TODO,10,A+,99.2,# TODO,# TODO,2021,false,
NCES-5304080-0014,Clark Elementary,public,elem,NCES-5304080,Issaquah School District,# TODO,Issaquah,WA,98027,# TODO,# TODO,# TODO,# TODO,# TODO,8,A-,83.2,# TODO,# TODO,2021,false,
NCES-5304080-0015,Sunset Elementary,public,elem,NCES-5304080,Issaquah School District,# TODO,Bellevue,WA,98027,# TODO,# TODO,# TODO,# TODO,# TODO,9,A,90.8,# TODO,# TODO,2021,false,
NCES-5304080-0016,Pacific Cascade Middle,public,middle,NCES-5304080,Issaquah School District,# TODO,Issaquah,WA,98027,# TODO,# TODO,# TODO,# TODO,# TODO,10,A+,99.2,# TODO,# TODO,2021,false,
NCES-5304080-0017,Pine Lake Middle,public,middle,NCES-5304080,Issaquah School District,# TODO,Sammamish,WA,98075,# TODO,# TODO,# TODO,# TODO,# TODO,10,A+,99.2,# TODO,# TODO,2021,false,
NCES-5304080-0018,Beaver Lake Middle,public,middle,NCES-5304080,Issaquah School District,# TODO,Issaquah,WA,98029,# TODO,# TODO,# TODO,# TODO,# TODO,10,A+,99.2,# TODO,# TODO,2021,false,
NCES-5304080-0019,Maywood Middle,public,middle,NCES-5304080,Issaquah School District,# TODO,Renton,WA,98059,# TODO,# TODO,# TODO,# TODO,# TODO,9,A,90.8,# TODO,# TODO,2021,false,
NCES-5304080-0020,Issaquah Middle School,public,middle,NCES-5304080,Issaquah School District,# TODO,Issaquah,WA,98027,# TODO,# TODO,# TODO,# TODO,# TODO,9,A,90.8,# TODO,# TODO,2021,false,
NCES-5304080-0021,Issaquah High School,public,high,NCES-5304080,Issaquah School District,# TODO,Issaquah,WA,98029,# TODO,# TODO,# TODO,# TODO,# TODO,10,A+,99.2,# TODO,# TODO,2021,false,
NCES-5304080-0022,Skyline High School,public,high,NCES-5304080,Issaquah School District,# TODO,Sammamish,WA,98075,# TODO,# TODO,# TODO,# TODO,# TODO,10,A+,99.2,# TODO,# TODO,2021,false,
NCES-5304080-0023,Liberty High School,public,high,NCES-5304080,Issaquah School District,# TODO,Renton,WA,98059,# TODO,# TODO,# TODO,# TODO,# TODO,9,A,90.8,# TODO,# TODO,2021,false,
NCES-5304080-0024,Gibson Ek High School,magnet,high,NCES-5304080,Issaquah School District,# TODO,Issaquah,WA,98027,# TODO,# TODO,# TODO,# TODO,# TODO,8,A-,83.2,# TODO,# TODO,,false,Project-based option.
NCES-5305850-0001,Wellington Elementary,public,elem,NCES-5305850,Northshore School District,# TODO,Woodinville,WA,98072,# TODO,# TODO,# TODO,# TODO,# TODO,9,A,90.8,# TODO,# TODO,2022,false,
NCES-5305850-0002,Hollywood Hill Elementary,public,elem,NCES-5305850,Northshore School District,# TODO,Woodinville,WA,98072,# TODO,# TODO,# TODO,# TODO,# TODO,9,A,90.8,# TODO,# TODO,2022,false,
NCES-5305850-0003,East Ridge Elementary,public,elem,NCES-5305850,Northshore School District,# TODO,Woodinville,WA,98072,# TODO,# TODO,# TODO,# TODO,# TODO,9,A,90.8,# TODO,# TODO,2022,false,
NCES-5305850-0004,Sunrise Elementary,public,elem,NCES-5305850,Northshore School District,# TODO,Redmond,WA,98077,# TODO,# TODO,# TODO,# TODO,# TODO,9,A,90.8,# TODO,# TODO,2022,false,
NCES-5305850-0005,Bear Creek Elementary,public,elem,NCES-5305850,Northshore School District,# TODO,Redmond,WA,98077,# TODO,# TODO,# TODO,# TODO,# TODO,9,A,90.8,# TODO,# TODO,2022,false,
NCES-5305850-0006,Cottage Lake Elementary,public,elem,NCES-5305850,Northshore School District,# TODO,Woodinville,WA,98072,# TODO,# TODO,# TODO,# TODO,# TODO,9,A,90.8,# TODO,# TODO,2022,false,
NCES-5305850-0007,Crystal Springs Elementary,public,elem,NCES-5305850,Northshore School District,# TODO,Bothell,WA,98011,# TODO,# TODO,# TODO,# TODO,# TODO,9,A,90.8,# TODO,# TODO,2022,false,
NCES-5305850-0008,Frank Love Elementary,public,elem,NCES-5305850,Northshore School District,# TODO,Bothell,WA,98011,# TODO,# TODO,# TODO,# TODO,# TODO,8,A-,83.2,# TODO,# TODO,2022,false,
NCES-5305850-0009,Maywood Hills Elementary,public,elem,NCES-5305850,Northshore School District,# TODO,Bothell,WA,98011,# TODO,# TODO,# TODO,# TODO,# TODO,8,A-,83.2,# TODO,# TODO,2022,false,
NCES-5305850-0010,Westhill Elementary,public,elem,NCES-5305850,Northshore School District,# TODO,Bothell,WA,98011,# TODO,# TODO,# TODO,# TODO,# TODO,8,A-,83.2,# TODO,# TODO,2022,false,
NCES-5305850-0011,Arrowhead Elementary,public,elem,NCES-5305850,Northshore School District,# TODO,Kenmore,WA,98028,# TODO,# TODO,# TODO,# TODO,# TODO,8,A-,83.2,# TODO,# TODO,2022,false,
NCES-5305850-0012,Lockwood Elementary,public,elem,NCES-5305850,Northshore School District,# TODO,Bothell,WA,98012,# TODO,# TODO,# TODO,# TODO,# TODO,8,A-,83.2,# TODO,# TODO,2022,false,
NCES-5305850-0013,Fernwood Elementary,public,elem,NCES-5305850,Northshore School District,# TODO,Bothell,WA,98012,# TODO,# TODO,# TODO,# TODO,# TODO,8,A-,83.2,# TODO,# TODO,2022,false,
NCES-5305850-0014,Skyview Middle School,public,middle,NCES-5305850,Northshore School District,# TODO,Bothell,WA,98011,# TODO,# TODO,# TODO,# TODO,# TODO,8,A-,83.2,# TODO,# TODO,2022,false,
NCES-5305850-0015,Northshore Middle School,public,middle,NCES-5305850,Northshore School District,# TODO,Bothell,WA,98011,# TODO,# TODO,# TODO,# TODO,# TODO,8,A-,83.2,# TODO,# TODO,2022,false,
NCES-5305850-0016,Timbercrest Middle School,public,middle,NCES-5305850,Northshore School District,# TODO,Woodinville,WA,98072,# TODO,# TODO,# TODO,# TODO,# TODO,9,A,90.8,# TODO,# TODO,2022,false,
NCES-5305850-0017,Leota Middle School,public,middle,NCES-5305850,Northshore School District,# TODO,Woodinville,WA,98072,# TODO,# TODO,# TODO,# TODO,# TODO,9,A,90.8,# TODO,# TODO,2022,false,
NCES-5305850-0018,Kenmore Middle School,public,middle,NCES-5305850,Northshore School District,# TODO,Kenmore,WA,98028,# TODO,# TODO,# TODO,# TODO,# TODO,7,B+,76.0,# TODO,# TODO,2022,false,
NCES-5305850-0019,Bothell High School,public,high,NCES-5305850,Northshore School District,# TODO,Bothell,WA,98011,# TODO,# TODO,# TODO,# TODO,# TODO,8,A-,83.2,# TODO,# TODO,2022,false,
NCES-5305850-0020,Inglemoor High School,public,high,NCES-5305850,Northshore School District,# TODO,Kenmore,WA,98028,# TODO,# TODO,# TODO,# TODO,# TODO,8,A-,83.2,# TODO,# TODO,2022,false,IB program.
NCES-5305850-0021,Woodinville High School,public,high,NCES-5305850,Northshore School District,# TODO,Woodinville,WA,98072,# TODO,# TODO,# TODO,# TODO,# TODO,9,A,90.8,# TODO,# TODO,2022,false,
NCES-5305850-0022,North Creek High School,public,high,NCES-5305850,Northshore School District,# TODO,Bothell,WA,98012,# TODO,# TODO,# TODO,# TODO,# TODO,9,A,90.8,# TODO,# TODO,2022,true,New school 2017; ongoing boundary tweaks.
NCES-5305280-0001,Island Park Elementary,public,elem,NCES-5305280,Mercer Island School District,# TODO,Mercer Island,WA,98040,# TODO,# TODO,# TODO,# TODO,# TODO,10,A+,99.2,# TODO,# TODO,2017,false,
NCES-5305280-0002,Lakeridge Elementary,public,elem,NCES-5305280,Mercer Island School District,# TODO,Mercer Island,WA,98040,# TODO,# TODO,# TODO,# TODO,# TODO,10,A+,99.2,# TODO,# TODO,2017,false,
NCES-5305280-0003,West Mercer Elementary,public,elem,NCES-5305280,Mercer Island School District,# TODO,Mercer Island,WA,98040,# TODO,# TODO,# TODO,# TODO,# TODO,10,A+,99.2,# TODO,# TODO,2017,false,
NCES-5305280-0004,Northwood Elementary,public,elem,NCES-5305280,Mercer Island School District,# TODO,Mercer Island,WA,98040,# TODO,# TODO,# TODO,# TODO,# TODO,9,A,90.8,# TODO,# TODO,2017,false,
NCES-5305280-0005,Islander Middle School,public,middle,NCES-5305280,Mercer Island School District,# TODO,Mercer Island,WA,98040,# TODO,# TODO,# TODO,# TODO,# TODO,10,A+,99.2,# TODO,# TODO,2017,false,
NCES-5305280-0006,Mercer Island High School,public,high,NCES-5305280,Mercer Island School District,# TODO,Mercer Island,WA,98040,# TODO,# TODO,# TODO,# TODO,# TODO,10,A+,99.2,# TODO,# TODO,2017,false,
NCES-5306450-0001,Brookside Elementary,public,elem,NCES-5306450,Shoreline School District,# TODO,Lake Forest Park,WA,98155,# TODO,# TODO,# TODO,# TODO,# TODO,9,A,90.8,# TODO,# TODO,2018,false,
NCES-5306450-0002,Briarcrest Elementary,public,elem,NCES-5306450,Shoreline School District,# TODO,Shoreline,WA,98155,# TODO,# TODO,# TODO,# TODO,# TODO,7,B+,76.0,# TODO,# TODO,2018,false,
NCES-5306450-0003,Echo Lake Elementary,public,elem,NCES-5306450,Shoreline School District,# TODO,Shoreline,WA,98133,# TODO,# TODO,# TODO,# TODO,# TODO,7,B+,76.0,# TODO,# TODO,2018,false,
NCES-5306450-0004,Highland Terrace Elementary,public,elem,NCES-5306450,Shoreline School District,# TODO,Shoreline,WA,98133,# TODO,# TODO,# TODO,# TODO,# TODO,7,B+,76.0,# TODO,# TODO,2018,false,
NCES-5306450-0005,Lake Forest Park Elementary,public,elem,NCES-5306450,Shoreline School District,# TODO,Lake Forest Park,WA,98155,# TODO,# TODO,# TODO,# TODO,# TODO,9,A,90.8,# TODO,# TODO,2018,false,
NCES-5306450-0006,Meridian Park Elementary,public,elem,NCES-5306450,Shoreline School District,# TODO,Shoreline,WA,98133,# TODO,# TODO,# TODO,# TODO,# TODO,7,B+,76.0,# TODO,# TODO,2018,false,
NCES-5306450-0007,North City Elementary,public,elem,NCES-5306450,Shoreline School District,# TODO,Shoreline,WA,98155,# TODO,# TODO,# TODO,# TODO,# TODO,7,B+,76.0,# TODO,# TODO,2018,false,
NCES-5306450-0008,Parkwood Elementary,public,elem,NCES-5306450,Shoreline School District,# TODO,Shoreline,WA,98133,# TODO,# TODO,# TODO,# TODO,# TODO,7,B+,76.0,# TODO,# TODO,2018,false,
NCES-5306450-0009,Ridgecrest Elementary,public,elem,NCES-5306450,Shoreline School District,# TODO,Shoreline,WA,98155,# TODO,# TODO,# TODO,# TODO,# TODO,8,A-,83.2,# TODO,# TODO,2018,false,
NCES-5306450-0010,Syre Elementary,public,elem,NCES-5306450,Shoreline School District,# TODO,Shoreline,WA,98155,# TODO,# TODO,# TODO,# TODO,# TODO,9,A,90.8,# TODO,# TODO,2018,false,
NCES-5306450-0011,Einstein Middle,public,middle,NCES-5306450,Shoreline School District,# TODO,Shoreline,WA,98133,# TODO,# TODO,# TODO,# TODO,# TODO,8,A-,83.2,# TODO,# TODO,2018,false,
NCES-5306450-0012,Kellogg Middle,public,middle,NCES-5306450,Shoreline School District,# TODO,Shoreline,WA,98155,# TODO,# TODO,# TODO,# TODO,# TODO,8,A-,83.2,# TODO,# TODO,2018,false,
NCES-5306450-0013,Shorewood High,public,high,NCES-5306450,Shoreline School District,# TODO,Shoreline,WA,98133,# TODO,# TODO,# TODO,# TODO,# TODO,8,A-,83.2,# TODO,# TODO,2018,false,
NCES-5306450-0014,Shorecrest High,public,high,NCES-5306450,Shoreline School District,# TODO,Shoreline,WA,98155,# TODO,# TODO,# TODO,# TODO,# TODO,9,A,90.8,# TODO,# TODO,2018,false,
NCES-5302040-0001,Sherwood Elementary,public,elem,NCES-5302040,Edmonds School District,# TODO,Edmonds,WA,98026,# TODO,# TODO,# TODO,# TODO,# TODO,9,A,90.8,# TODO,# TODO,2019,false,
NCES-5302040-0002,Westgate Elementary,public,elem,NCES-5302040,Edmonds School District,# TODO,Edmonds,WA,98020,# TODO,# TODO,# TODO,# TODO,# TODO,9,A,90.8,# TODO,# TODO,2019,false,
NCES-5302040-0003,Edmonds Elementary,public,elem,NCES-5302040,Edmonds School District,# TODO,Edmonds,WA,98020,# TODO,# TODO,# TODO,# TODO,# TODO,8,A-,83.2,# TODO,# TODO,2019,false,
NCES-5302040-0004,Chase Lake Elementary,public,elem,NCES-5302040,Edmonds School District,# TODO,Edmonds,WA,98026,# TODO,# TODO,# TODO,# TODO,# TODO,8,A-,83.2,# TODO,# TODO,2019,false,
NCES-5302040-0005,Maplewood K-8,magnet,k8,NCES-5302040,Edmonds School District,# TODO,Edmonds,WA,98026,# TODO,# TODO,# TODO,# TODO,# TODO,9,A,90.8,# TODO,# TODO,,false,Parent cooperative option.
NCES-5302040-0006,Brier Elementary,public,elem,NCES-5302040,Edmonds School District,# TODO,Brier,WA,98036,# TODO,# TODO,# TODO,# TODO,# TODO,8,A-,83.2,# TODO,# TODO,2019,false,
NCES-5302040-0007,Hilltop Elementary,public,elem,NCES-5302040,Edmonds School District,# TODO,Lynnwood,WA,98036,# TODO,# TODO,# TODO,# TODO,# TODO,7,B+,76.0,# TODO,# TODO,2019,false,
NCES-5302040-0008,Hazelwood Elementary,public,elem,NCES-5302040,Edmonds School District,# TODO,Lynnwood,WA,98037,# TODO,# TODO,# TODO,# TODO,# TODO,5,B-,61.2,# TODO,# TODO,2019,false,
NCES-5302040-0009,Cedar Valley Community,public,elem,NCES-5302040,Edmonds School District,# TODO,Lynnwood,WA,98036,# TODO,# TODO,# TODO,# TODO,# TODO,6,B,68.8,# TODO,# TODO,2019,false,
NCES-5302040-0010,Lynndale Elementary,public,elem,NCES-5302040,Edmonds School District,# TODO,Lynnwood,WA,98036,# TODO,# TODO,# TODO,# TODO,# TODO,7,B+,76.0,# TODO,# TODO,2019,false,
NCES-5302040-0011,Lynnwood Elementary,public,elem,NCES-5302040,Edmonds School District,# TODO,Lynnwood,WA,98037,# TODO,# TODO,# TODO,# TODO,# TODO,5,B-,61.2,# TODO,# TODO,2019,false,
NCES-5302040-0012,Spruce Elementary,public,elem,NCES-5302040,Edmonds School District,# TODO,Lynnwood,WA,98036,# TODO,# TODO,# TODO,# TODO,# TODO,6,B,68.8,# TODO,# TODO,2019,false,
NCES-5302040-0013,College Place Elementary,public,elem,NCES-5302040,Edmonds School District,# TODO,Lynnwood,WA,98037,# TODO,# TODO,# TODO,# TODO,# TODO,5,B-,61.2,# TODO,# TODO,2019,false,
NCES-5302040-0014,Beverly Elementary,public,elem,NCES-5302040,Edmonds School District,# TODO,Lynnwood,WA,98036,# TODO,# TODO,# TODO,# TODO,# TODO,6,B,68.8,# TODO,# TODO,2019,false,
NCES-5302040-0015,Meadowdale Elementary,public,elem,NCES-5302040,Edmonds School District,# TODO,Lynnwood,WA,98036,# TODO,# TODO,# TODO,# TODO,# TODO,8,A-,83.2,# TODO,# TODO,2019,false,
NCES-5302040-0016,Mountlake Terrace Elementary,public,elem,NCES-5302040,Edmonds School District,# TODO,Mountlake Terrace,WA,98043,# TODO,# TODO,# TODO,# TODO,# TODO,6,B,68.8,# TODO,# TODO,2019,false,
NCES-5302040-0017,Cedar Way Elementary,public,elem,NCES-5302040,Edmonds School District,# TODO,Mountlake Terrace,WA,98043,# TODO,# TODO,# TODO,# TODO,# TODO,6,B,68.8,# TODO,# TODO,2019,false,
NCES-5302040-0018,Brier Terrace Middle,public,middle,NCES-5302040,Edmonds School District,# TODO,Brier,WA,98036,# TODO,# TODO,# TODO,# TODO,# TODO,8,A-,83.2,# TODO,# TODO,2019,false,
NCES-5302040-0019,Meadowdale Middle,public,middle,NCES-5302040,Edmonds School District,# TODO,Lynnwood,WA,98036,# TODO,# TODO,# TODO,# TODO,# TODO,7,B+,76.0,# TODO,# TODO,2019,false,
NCES-5302040-0020,College Place Middle,public,middle,NCES-5302040,Edmonds School District,# TODO,Lynnwood,WA,98037,# TODO,# TODO,# TODO,# TODO,# TODO,5,B-,61.2,# TODO,# TODO,2019,false,
NCES-5302040-0021,Alderwood Middle,public,middle,NCES-5302040,Edmonds School District,# TODO,Lynnwood,WA,98037,# TODO,# TODO,# TODO,# TODO,# TODO,6,B,68.8,# TODO,# TODO,2019,false,
NCES-5302040-0022,Edmonds-Woodway High,public,high,NCES-5302040,Edmonds School District,# TODO,Edmonds,WA,98020,# TODO,# TODO,# TODO,# TODO,# TODO,8,A-,83.2,# TODO,# TODO,2019,false,IB program.
NCES-5302040-0023,Meadowdale High,public,high,NCES-5302040,Edmonds School District,# TODO,Lynnwood,WA,98036,# TODO,# TODO,# TODO,# TODO,# TODO,7,B+,76.0,# TODO,# TODO,2019,false,
NCES-5302040-0024,Mountlake Terrace High,public,high,NCES-5302040,Edmonds School District,# TODO,Mountlake Terrace,WA,98043,# TODO,# TODO,# TODO,# TODO,# TODO,7,B+,76.0,# TODO,# TODO,2019,false,
NCES-5302040-0025,Lynnwood High,public,high,NCES-5302040,Edmonds School District,# TODO,Bothell,WA,98012,# TODO,# TODO,# TODO,# TODO,# TODO,6,B,68.8,# TODO,# TODO,2019,true,Boundary discussion linked to North Creek growth.
NCES-5305760-0001,Honeydew Elementary,public,elem,NCES-5305760,Renton School District,# TODO,Renton,WA,98059,# TODO,# TODO,# TODO,# TODO,# TODO,7,B+,76.0,# TODO,# TODO,2020,false,
NCES-5305760-0002,Hazelwood Elementary,public,elem,NCES-5305760,Renton School District,# TODO,Renton,WA,98059,# TODO,# TODO,# TODO,# TODO,# TODO,7,B+,76.0,# TODO,# TODO,2020,false,
NCES-5305760-0003,Maplewood Heights Elementary,public,elem,NCES-5305760,Renton School District,# TODO,Renton,WA,98059,# TODO,# TODO,# TODO,# TODO,# TODO,7,B+,76.0,# TODO,# TODO,2020,false,
NCES-5305760-0004,Sierra Heights Elementary,public,elem,NCES-5305760,Renton School District,# TODO,Renton,WA,98056,# TODO,# TODO,# TODO,# TODO,# TODO,6,B,68.8,# TODO,# TODO,2020,false,
NCES-5305760-0005,Kennydale Elementary,public,elem,NCES-5305760,Renton School District,# TODO,Renton,WA,98056,# TODO,# TODO,# TODO,# TODO,# TODO,7,B+,76.0,# TODO,# TODO,2020,false,
NCES-5305760-0006,Renton Park Elementary,public,elem,NCES-5305760,Renton School District,# TODO,Renton,WA,98055,# TODO,# TODO,# TODO,# TODO,# TODO,4,C+,54.0,# TODO,# TODO,2020,false,
NCES-5305760-0007,Talbot Hill Elementary,public,elem,NCES-5305760,Renton School District,# TODO,Renton,WA,98055,# TODO,# TODO,# TODO,# TODO,# TODO,5,B-,61.2,# TODO,# TODO,2020,false,
NCES-5305760-0008,Lakeridge Elementary,public,elem,NCES-5305760,Renton School District,# TODO,Renton,WA,98178,# TODO,# TODO,# TODO,# TODO,# TODO,4,C+,54.0,# TODO,# TODO,2020,false,
NCES-5305760-0009,Bryn Mawr Elementary,public,elem,NCES-5305760,Renton School District,# TODO,Renton,WA,98178,# TODO,# TODO,# TODO,# TODO,# TODO,4,C+,54.0,# TODO,# TODO,2020,false,
NCES-5305760-0010,Campbell Hill Elementary,public,elem,NCES-5305760,Renton School District,# TODO,Renton,WA,98178,# TODO,# TODO,# TODO,# TODO,# TODO,4,C+,54.0,# TODO,# TODO,2020,false,
NCES-5305760-0011,McKnight Middle,public,middle,NCES-5305760,Renton School District,# TODO,Renton,WA,98056,# TODO,# TODO,# TODO,# TODO,# TODO,5,B-,61.2,# TODO,# TODO,2020,false,
NCES-5305760-0012,Nelsen Middle,public,middle,NCES-5305760,Renton School District,# TODO,Renton,WA,98055,# TODO,# TODO,# TODO,# TODO,# TODO,4,C+,54.0,# TODO,# TODO,2020,false,
NCES-5305760-0013,Risdon Middle,public,middle,NCES-5305760,Renton School District,# TODO,Renton,WA,98058,# TODO,# TODO,# TODO,# TODO,# TODO,5,B-,61.2,# TODO,# TODO,2020,false,
NCES-5305760-0014,Dimmitt Middle,public,middle,NCES-5305760,Renton School District,# TODO,Renton,WA,98058,# TODO,# TODO,# TODO,# TODO,# TODO,5,B-,61.2,# TODO,# TODO,2020,false,
NCES-5305760-0015,Hazen Senior High,public,high,NCES-5305760,Renton School District,# TODO,Renton,WA,98059,# TODO,# TODO,# TODO,# TODO,# TODO,7,B+,76.0,# TODO,# TODO,2020,false,
NCES-5305760-0016,Lindbergh Senior High,public,high,NCES-5305760,Renton School District,# TODO,Renton,WA,98058,# TODO,# TODO,# TODO,# TODO,# TODO,6,B,68.8,# TODO,# TODO,2020,false,
NCES-5305760-0017,Renton Senior High,public,high,NCES-5305760,Renton School District,# TODO,Renton,WA,98055,# TODO,# TODO,# TODO,# TODO,# TODO,5,B-,61.2,# TODO,# TODO,2020,false,
NCES-5304380-0001,Glenridge Elementary,public,elem,NCES-5304380,Kent School District,# TODO,Kent,WA,98031,# TODO,# TODO,# TODO,# TODO,# TODO,6,B,68.8,# TODO,# TODO,2021,true,Kent signaled 2025-26 consolidations.
NCES-5304380-0002,Soos Creek Elementary,public,elem,NCES-5304380,Kent School District,# TODO,Kent,WA,98031,# TODO,# TODO,# TODO,# TODO,# TODO,6,B,68.8,# TODO,# TODO,2021,true,
NCES-5304380-0003,Park Orchard Elementary,public,elem,NCES-5304380,Kent School District,# TODO,Kent,WA,98031,# TODO,# TODO,# TODO,# TODO,# TODO,5,B-,61.2,# TODO,# TODO,2021,true,
NCES-5304380-0004,Meadow Ridge Elementary,public,elem,NCES-5304380,Kent School District,# TODO,Kent,WA,98031,# TODO,# TODO,# TODO,# TODO,# TODO,6,B,68.8,# TODO,# TODO,2021,true,
NCES-5304380-0005,Sunrise Elementary,public,elem,NCES-5304380,Kent School District,# TODO,Kent,WA,98031,# TODO,# TODO,# TODO,# TODO,# TODO,6,B,68.8,# TODO,# TODO,2021,true,
NCES-5304380-0006,Lake Youngs Elementary,public,elem,NCES-5304380,Kent School District,# TODO,Kent,WA,98042,# TODO,# TODO,# TODO,# TODO,# TODO,7,B+,76.0,# TODO,# TODO,2021,true,
NCES-5304380-0007,Carriage Crest Elementary,public,elem,NCES-5304380,Kent School District,# TODO,Kent,WA,98042,# TODO,# TODO,# TODO,# TODO,# TODO,7,B+,76.0,# TODO,# TODO,2021,true,
NCES-5304380-0008,Springbrook Elementary,public,elem,NCES-5304380,Kent School District,# TODO,Kent,WA,98032,# TODO,# TODO,# TODO,# TODO,# TODO,4,C+,54.0,# TODO,# TODO,2021,true,
NCES-5304380-0009,Daniel Elementary,public,elem,NCES-5304380,Kent School District,# TODO,Kent,WA,98032,# TODO,# TODO,# TODO,# TODO,# TODO,4,C+,54.0,# TODO,# TODO,2021,true,
NCES-5304380-0010,Pine Tree Elementary,public,elem,NCES-5304380,Kent School District,# TODO,Kent,WA,98030,# TODO,# TODO,# TODO,# TODO,# TODO,5,B-,61.2,# TODO,# TODO,2021,true,
NCES-5304380-0011,Meridian Elementary,public,elem,NCES-5304380,Kent School District,# TODO,Kent,WA,98042,# TODO,# TODO,# TODO,# TODO,# TODO,7,B+,76.0,# TODO,# TODO,2021,true,
NCES-5304380-0012,Covington Elementary,public,elem,NCES-5304380,Kent School District,# TODO,Covington,WA,98042,# TODO,# TODO,# TODO,# TODO,# TODO,7,B+,76.0,# TODO,# TODO,2021,true,
NCES-5304380-0013,Cedar Valley Elementary,public,elem,NCES-5304380,Kent School District,# TODO,Covington,WA,98042,# TODO,# TODO,# TODO,# TODO,# TODO,8,A-,83.2,# TODO,# TODO,2021,true,
NCES-5304380-0014,Crestwood Elementary,public,elem,NCES-5304380,Kent School District,# TODO,Covington,WA,98042,# TODO,# TODO,# TODO,# TODO,# TODO,7,B+,76.0,# TODO,# TODO,2021,true,
NCES-5304380-0015,Mill Creek Middle,public,middle,NCES-5304380,Kent School District,# TODO,Kent,WA,98030,# TODO,# TODO,# TODO,# TODO,# TODO,4,C+,54.0,# TODO,# TODO,2021,true,
NCES-5304380-0016,Northwood Middle,public,middle,NCES-5304380,Kent School District,# TODO,Kent,WA,98031,# TODO,# TODO,# TODO,# TODO,# TODO,5,B-,61.2,# TODO,# TODO,2021,true,
NCES-5304380-0017,Meridian Middle,public,middle,NCES-5304380,Kent School District,# TODO,Kent,WA,98031,# TODO,# TODO,# TODO,# TODO,# TODO,6,B,68.8,# TODO,# TODO,2021,true,
NCES-5304380-0018,Cedar Heights Middle,public,middle,NCES-5304380,Kent School District,# TODO,Covington,WA,98042,# TODO,# TODO,# TODO,# TODO,# TODO,7,B+,76.0,# TODO,# TODO,2021,true,
NCES-5304380-0019,Mattson Middle,public,middle,NCES-5304380,Kent School District,# TODO,Covington,WA,98042,# TODO,# TODO,# TODO,# TODO,# TODO,7,B+,76.0,# TODO,# TODO,2021,true,
NCES-5304380-0020,Meeker Middle,public,middle,NCES-5304380,Kent School District,# TODO,Kent,WA,98032,# TODO,# TODO,# TODO,# TODO,# TODO,4,C+,54.0,# TODO,# TODO,2021,true,
NCES-5304380-0021,Kent-Meridian High,public,high,NCES-5304380,Kent School District,# TODO,Kent,WA,98030,# TODO,# TODO,# TODO,# TODO,# TODO,5,B-,61.2,# TODO,# TODO,2021,true,
NCES-5304380-0022,Kentlake High,public,high,NCES-5304380,Kent School District,# TODO,Kent,WA,98042,# TODO,# TODO,# TODO,# TODO,# TODO,7,B+,76.0,# TODO,# TODO,2021,true,
NCES-5304380-0023,Kentridge High,public,high,NCES-5304380,Kent School District,# TODO,Kent,WA,98031,# TODO,# TODO,# TODO,# TODO,# TODO,6,B,68.8,# TODO,# TODO,2021,true,
NCES-5304380-0024,Kentwood High,public,high,NCES-5304380,Kent School District,# TODO,Covington,WA,98042,# TODO,# TODO,# TODO,# TODO,# TODO,7,B+,76.0,# TODO,# TODO,2021,true,
NCES-5302670-0001,Sherwood Forest Elementary,public,elem,NCES-5302670,Federal Way Public Schools,# TODO,Federal Way,WA,98023,# TODO,# TODO,# TODO,# TODO,# TODO,6,B,68.8,# TODO,# TODO,2019,false,
NCES-5302670-0002,Mirror Lake Elementary,public,elem,NCES-5302670,Federal Way Public Schools,# TODO,Federal Way,WA,98003,# TODO,# TODO,# TODO,# TODO,# TODO,5,B-,61.2,# TODO,# TODO,2019,false,
NCES-5302670-0003,Brigadoon Elementary,public,elem,NCES-5302670,Federal Way Public Schools,# TODO,Federal Way,WA,98023,# TODO,# TODO,# TODO,# TODO,# TODO,5,B-,61.2,# TODO,# TODO,2019,false,
NCES-5302670-0004,Adelaide Elementary,public,elem,NCES-5302670,Federal Way Public Schools,# TODO,Federal Way,WA,98023,# TODO,# TODO,# TODO,# TODO,# TODO,5,B-,61.2,# TODO,# TODO,2019,false,
NCES-5302670-0005,Lakota Middle,public,middle,NCES-5302670,Federal Way Public Schools,# TODO,Federal Way,WA,98023,# TODO,# TODO,# TODO,# TODO,# TODO,5,B-,61.2,# TODO,# TODO,2019,false,
NCES-5302670-0006,Federal Way High,public,high,NCES-5302670,Federal Way Public Schools,# TODO,Federal Way,WA,98003,# TODO,# TODO,# TODO,# TODO,# TODO,5,B-,61.2,# TODO,# TODO,2019,false,
NCES-5302670-0007,Decatur High,public,high,NCES-5302670,Federal Way Public Schools,# TODO,Federal Way,WA,98023,# TODO,# TODO,# TODO,# TODO,# TODO,6,B,68.8,# TODO,# TODO,2019,false,
NCES-5302670-0008,Thomas Jefferson High,public,high,NCES-5302670,Federal Way Public Schools,# TODO,Federal Way,WA,98003,# TODO,# TODO,# TODO,# TODO,# TODO,5,B-,61.2,# TODO,# TODO,2019,false,
NCES-5302670-0009,Todd Beamer High,public,high,NCES-5302670,Federal Way Public Schools,# TODO,Federal Way,WA,98023,# TODO,# TODO,# TODO,# TODO,# TODO,6,B,68.8,# TODO,# TODO,2019,false,
NCES-5303450-0001,Beverly Park Elementary,public,elem,NCES-5303450,Highline Public Schools,# TODO,SeaTac,WA,98168,# TODO,# TODO,# TODO,# TODO,# TODO,3,C,46.8,# TODO,# TODO,2019,false,
NCES-5303450-0002,Hilltop Elementary,public,elem,NCES-5303450,Highline Public Schools,# TODO,Burien,WA,98166,# TODO,# TODO,# TODO,# TODO,# TODO,5,B-,61.2,# TODO,# TODO,2019,false,
NCES-5303450-0003,Seahurst Elementary,public,elem,NCES-5303450,Highline Public Schools,# TODO,Burien,WA,98166,# TODO,# TODO,# TODO,# TODO,# TODO,6,B,68.8,# TODO,# TODO,2019,false,
NCES-5303450-0004,Marvista Elementary,public,elem,NCES-5303450,Highline Public Schools,# TODO,Normandy Park,WA,98166,# TODO,# TODO,# TODO,# TODO,# TODO,7,B+,76.0,# TODO,# TODO,2019,false,
NCES-5303450-0005,Shorewood Elementary,public,elem,NCES-5303450,Highline Public Schools,# TODO,Burien,WA,98166,# TODO,# TODO,# TODO,# TODO,# TODO,6,B,68.8,# TODO,# TODO,2019,false,
NCES-5303450-0006,Sylvester Middle,public,middle,NCES-5303450,Highline Public Schools,# TODO,Burien,WA,98148,# TODO,# TODO,# TODO,# TODO,# TODO,4,C+,54.0,# TODO,# TODO,2019,false,
NCES-5303450-0007,Cascade Middle,public,middle,NCES-5303450,Highline Public Schools,# TODO,Seattle,WA,98166,# TODO,# TODO,# TODO,# TODO,# TODO,4,C+,54.0,# TODO,# TODO,2019,false,
NCES-5303450-0008,Highline High,public,high,NCES-5303450,Highline Public Schools,# TODO,Burien,WA,98148,# TODO,# TODO,# TODO,# TODO,# TODO,4,C+,54.0,# TODO,# TODO,2019,false,
NCES-5303450-0009,Mt. Rainier High,public,high,NCES-5303450,Highline Public Schools,# TODO,Des Moines,WA,98198,# TODO,# TODO,# TODO,# TODO,# TODO,5,B-,61.2,# TODO,# TODO,2019,false,
NCES-5303450-0010,Evergreen Campus,public,high,NCES-5303450,Highline Public Schools,# TODO,Burien,WA,98148,# TODO,# TODO,# TODO,# TODO,# TODO,4,C+,54.0,# TODO,# TODO,2019,false,
NCES-5303450-0011,Tyee Campus,public,high,NCES-5303450,Highline Public Schools,# TODO,SeaTac,WA,98188,# TODO,# TODO,# TODO,# TODO,# TODO,3,C,46.8,# TODO,# TODO,2019,false,
NCES-5307230-0001,Cascade View Elementary,public,elem,NCES-5307230,Tukwila School District,# TODO,Tukwila,WA,98168,# TODO,# TODO,# TODO,# TODO,# TODO,3,C,46.8,# TODO,# TODO,2018,false,
NCES-5307230-0002,Thorndyke Elementary,public,elem,NCES-5307230,Tukwila School District,# TODO,Tukwila,WA,98168,# TODO,# TODO,# TODO,# TODO,# TODO,3,C,46.8,# TODO,# TODO,2018,false,
NCES-5307230-0003,Tukwila Elementary,public,elem,NCES-5307230,Tukwila School District,# TODO,Tukwila,WA,98188,# TODO,# TODO,# TODO,# TODO,# TODO,3,C,46.8,# TODO,# TODO,2018,false,
NCES-5307230-0004,Showalter Middle,public,middle,NCES-5307230,Tukwila School District,# TODO,Tukwila,WA,98168,# TODO,# TODO,# TODO,# TODO,# TODO,3,C,46.8,# TODO,# TODO,2018,false,
NCES-5307230-0005,Foster High,public,high,NCES-5307230,Tukwila School District,# TODO,Tukwila,WA,98168,# TODO,# TODO,# TODO,# TODO,# TODO,3,C,46.8,# TODO,# TODO,2018,false,
NCES-5300210-0001,Lake View Elementary,public,elem,NCES-5300210,Auburn School District,# TODO,Auburn,WA,98092,# TODO,# TODO,# TODO,# TODO,# TODO,7,B+,76.0,# TODO,# TODO,2020,false,Lakeland Hills.
NCES-5300210-0002,Arthur Jacobsen Elementary,public,elem,NCES-5300210,Auburn School District,# TODO,Auburn,WA,98092,# TODO,# TODO,# TODO,# TODO,# TODO,7,B+,76.0,# TODO,# TODO,2020,false,
NCES-5300210-0003,Lakeland Hills Elementary,public,elem,NCES-5300210,Auburn School District,# TODO,Auburn,WA,98092,# TODO,# TODO,# TODO,# TODO,# TODO,8,A-,83.2,# TODO,# TODO,2020,false,
NCES-5300210-0004,Ilalko Elementary,public,elem,NCES-5300210,Auburn School District,# TODO,Auburn,WA,98092,# TODO,# TODO,# TODO,# TODO,# TODO,7,B+,76.0,# TODO,# TODO,2020,false,
NCES-5300210-0005,Hazelwood Elementary,public,elem,NCES-5300210,Auburn School District,# TODO,Auburn,WA,98092,# TODO,# TODO,# TODO,# TODO,# TODO,7,B+,76.0,# TODO,# TODO,2020,false,
NCES-5300210-0006,Bowman Creek Elementary,public,elem,NCES-5300210,Auburn School District,# TODO,Auburn,WA,98092,# TODO,# TODO,# TODO,# TODO,# TODO,7,B+,76.0,# TODO,# TODO,2020,false,
NCES-5300210-0007,Dick Scobee Elementary,public,elem,NCES-5300210,Auburn School District,# TODO,Auburn,WA,98002,# TODO,# TODO,# TODO,# TODO,# TODO,4,C+,54.0,# TODO,# TODO,2020,false,
NCES-5300210-0008,Pioneer Elementary,public,elem,NCES-5300210,Auburn School District,# TODO,Auburn,WA,98001,# TODO,# TODO,# TODO,# TODO,# TODO,5,B-,61.2,# TODO,# TODO,2020,false,
NCES-5300210-0009,Terminal Park Elementary,public,elem,NCES-5300210,Auburn School District,# TODO,Auburn,WA,98002,# TODO,# TODO,# TODO,# TODO,# TODO,4,C+,54.0,# TODO,# TODO,2020,false,
NCES-5300210-0010,Washington Elementary,public,elem,NCES-5300210,Auburn School District,# TODO,Auburn,WA,98002,# TODO,# TODO,# TODO,# TODO,# TODO,4,C+,54.0,# TODO,# TODO,2020,false,
NCES-5300210-0011,Mt. Baker Middle,public,middle,NCES-5300210,Auburn School District,# TODO,Auburn,WA,98002,# TODO,# TODO,# TODO,# TODO,# TODO,4,C+,54.0,# TODO,# TODO,2020,false,
NCES-5300210-0012,Cascade Middle,public,middle,NCES-5300210,Auburn School District,# TODO,Auburn,WA,98001,# TODO,# TODO,# TODO,# TODO,# TODO,5,B-,61.2,# TODO,# TODO,2020,false,
NCES-5300210-0013,Olympic Middle,public,middle,NCES-5300210,Auburn School District,# TODO,Auburn,WA,98092,# TODO,# TODO,# TODO,# TODO,# TODO,6,B,68.8,# TODO,# TODO,2020,false,
NCES-5300210-0014,Rainier Middle,public,middle,NCES-5300210,Auburn School District,# TODO,Auburn,WA,98092,# TODO,# TODO,# TODO,# TODO,# TODO,7,B+,76.0,# TODO,# TODO,2020,false,
NCES-5300210-0015,Auburn High,public,high,NCES-5300210,Auburn School District,# TODO,Auburn,WA,98002,# TODO,# TODO,# TODO,# TODO,# TODO,5,B-,61.2,# TODO,# TODO,2020,false,
NCES-5300210-0016,Auburn Mountainview High,public,high,NCES-5300210,Auburn School District,# TODO,Auburn,WA,98092,# TODO,# TODO,# TODO,# TODO,# TODO,7,B+,76.0,# TODO,# TODO,2020,false,
NCES-5300210-0017,Auburn Riverside High,public,high,NCES-5300210,Auburn School District,# TODO,Auburn,WA,98001,# TODO,# TODO,# TODO,# TODO,# TODO,6,B,68.8,# TODO,# TODO,2020,false,
NCES-5306810-0001,Cedar River Elementary,public,elem,NCES-5306810,Tahoma School District,# TODO,Maple Valley,WA,98038,# TODO,# TODO,# TODO,# TODO,# TODO,9,A,90.8,# TODO,# TODO,2017,false,
NCES-5306810-0002,Glacier Park Elementary,public,elem,NCES-5306810,Tahoma School District,# TODO,Maple Valley,WA,98038,# TODO,# TODO,# TODO,# TODO,# TODO,8,A-,83.2,# TODO,# TODO,2017,false,
NCES-5306810-0003,Lake Wilderness Elementary,public,elem,NCES-5306810,Tahoma School District,# TODO,Maple Valley,WA,98038,# TODO,# TODO,# TODO,# TODO,# TODO,8,A-,83.2,# TODO,# TODO,2017,false,
NCES-5306810-0004,Rock Creek Elementary,public,elem,NCES-5306810,Tahoma School District,# TODO,Maple Valley,WA,98038,# TODO,# TODO,# TODO,# TODO,# TODO,9,A,90.8,# TODO,# TODO,2017,false,
NCES-5306810-0005,Shadow Lake Elementary,public,elem,NCES-5306810,Tahoma School District,# TODO,Maple Valley,WA,98038,# TODO,# TODO,# TODO,# TODO,# TODO,8,A-,83.2,# TODO,# TODO,2017,false,
NCES-5306810-0006,Tahoma Elementary,public,elem,NCES-5306810,Tahoma School District,# TODO,Maple Valley,WA,98038,# TODO,# TODO,# TODO,# TODO,# TODO,8,A-,83.2,# TODO,# TODO,2017,false,
NCES-5306810-0007,Tahoma Middle,public,middle,NCES-5306810,Tahoma School District,# TODO,Maple Valley,WA,98038,# TODO,# TODO,# TODO,# TODO,# TODO,8,A-,83.2,# TODO,# TODO,2017,false,
NCES-5306810-0008,Maple View Middle,public,middle,NCES-5306810,Tahoma School District,# TODO,Maple Valley,WA,98038,# TODO,# TODO,# TODO,# TODO,# TODO,8,A-,83.2,# TODO,# TODO,2017,false,
NCES-5306810-0009,Tahoma Senior High,public,high,NCES-5306810,Tahoma School District,# TODO,Covington,WA,98042,# TODO,# TODO,# TODO,# TODO,# TODO,9,A,90.8,# TODO,# TODO,2017,false,New campus 2017.
NCES-5306600-0001,Snoqualmie Elementary,public,elem,NCES-5306600,Snoqualmie Valley School District,# TODO,Snoqualmie,WA,98065,# TODO,# TODO,# TODO,# TODO,# TODO,9,A,90.8,# TODO,# TODO,2018,false,
NCES-5306600-0002,Cascade View Elementary,public,elem,NCES-5306600,Snoqualmie Valley School District,# TODO,Snoqualmie,WA,98065,# TODO,# TODO,# TODO,# TODO,# TODO,10,A+,99.2,# TODO,# TODO,2018,false,
NCES-5306600-0003,Timber Ridge Elementary,public,elem,NCES-5306600,Snoqualmie Valley School District,# TODO,Snoqualmie,WA,98065,# TODO,# TODO,# TODO,# TODO,# TODO,10,A+,99.2,# TODO,# TODO,2018,false,
NCES-5306600-0004,North Bend Elementary,public,elem,NCES-5306600,Snoqualmie Valley School District,# TODO,North Bend,WA,98045,# TODO,# TODO,# TODO,# TODO,# TODO,8,A-,83.2,# TODO,# TODO,2018,false,
NCES-5306600-0005,Opstad Elementary,public,elem,NCES-5306600,Snoqualmie Valley School District,# TODO,North Bend,WA,98045,# TODO,# TODO,# TODO,# TODO,# TODO,8,A-,83.2,# TODO,# TODO,2018,false,
NCES-5306600-0006,Fall City Elementary,public,elem,NCES-5306600,Snoqualmie Valley School District,# TODO,Fall City,WA,98024,# TODO,# TODO,# TODO,# TODO,# TODO,8,A-,83.2,# TODO,# TODO,2018,false,
NCES-5306600-0007,Chief Kanim Middle,public,middle,NCES-5306600,Snoqualmie Valley School District,# TODO,Fall City,WA,98024,# TODO,# TODO,# TODO,# TODO,# TODO,9,A,90.8,# TODO,# TODO,2018,false,
NCES-5306600-0008,Snoqualmie Middle,public,middle,NCES-5306600,Snoqualmie Valley School District,# TODO,Snoqualmie,WA,98065,# TODO,# TODO,# TODO,# TODO,# TODO,9,A,90.8,# TODO,# TODO,2018,false,
NCES-5306600-0009,Twin Falls Middle,public,middle,NCES-5306600,Snoqualmie Valley School District,# TODO,North Bend,WA,98045,# TODO,# TODO,# TODO,# TODO,# TODO,9,A,90.8,# TODO,# TODO,2018,false,
NCES-5306600-0010,Mount Si High,public,high,NCES-5306600,Snoqualmie Valley School District,# TODO,Snoqualmie,WA,98065,# TODO,# TODO,# TODO,# TODO,# TODO,9,A,90.8,# TODO,# TODO,2018,false,Sole district HS.
NCES-5305970-0001,Cherry Valley Elementary,public,elem,NCES-5305970,Riverview School District,# TODO,Duvall,WA,98019,# TODO,# TODO,# TODO,# TODO,# TODO,8,A-,83.2,# TODO,# TODO,2019,false,
NCES-5305970-0002,Stillwater Elementary,public,elem,NCES-5305970,Riverview School District,# TODO,Carnation,WA,98014,# TODO,# TODO,# TODO,# TODO,# TODO,8,A-,83.2,# TODO,# TODO,2019,false,
NCES-5305970-0003,Carnation Elementary,public,elem,NCES-5305970,Riverview School District,# TODO,Carnation,WA,98014,# TODO,# TODO,# TODO,# TODO,# TODO,8,A-,83.2,# TODO,# TODO,2019,false,
NCES-5305970-0004,Tolt Middle,public,middle,NCES-5305970,Riverview School District,# TODO,Carnation,WA,98014,# TODO,# TODO,# TODO,# TODO,# TODO,8,A-,83.2,# TODO,# TODO,2019,false,
NCES-5305970-0005,Cedarcrest High,public,high,NCES-5305970,Riverview School District,# TODO,Duvall,WA,98019,# TODO,# TODO,# TODO,# TODO,# TODO,8,A-,83.2,# TODO,# TODO,2019,false,
NCES-5302280-0001,Black Diamond Elementary,public,elem,NCES-5302280,Enumclaw School District,# TODO,Black Diamond,WA,98010,# TODO,# TODO,# TODO,# TODO,# TODO,7,B+,76.0,# TODO,# TODO,2018,false,
NCES-5302280-0002,Enumclaw Elementary,public,elem,NCES-5302280,Enumclaw School District,# TODO,Enumclaw,WA,98022,# TODO,# TODO,# TODO,# TODO,# TODO,6,B,68.8,# TODO,# TODO,2018,false,
NCES-5302280-0003,Thunder Mountain Middle,public,middle,NCES-5302280,Enumclaw School District,# TODO,Enumclaw,WA,98022,# TODO,# TODO,# TODO,# TODO,# TODO,6,B,68.8,# TODO,# TODO,2018,false,
NCES-5302280-0004,Enumclaw High,public,high,NCES-5302280,Enumclaw School District,# TODO,Enumclaw,WA,98022,# TODO,# TODO,# TODO,# TODO,# TODO,7,B+,76.0,# TODO,# TODO,2018,false,
NCES-5306510-0001,Skykomish School K-12,public,k12,NCES-5306510,Skykomish School District,# TODO,Skykomish,WA,98288,# TODO,# TODO,# TODO,# TODO,# TODO,5,B-,61.2,# TODO,# TODO,,false,Single K-12 campus.
NCES-5307530-0001,Chautauqua Elementary,public,elem,NCES-5307530,Vashon Island School District,# TODO,Vashon,WA,98070,# TODO,# TODO,# TODO,# TODO,# TODO,8,A-,83.2,# TODO,# TODO,,false,
NCES-5307530-0002,McMurray Middle,public,middle,NCES-5307530,Vashon Island School District,# TODO,Vashon,WA,98070,# TODO,# TODO,# TODO,# TODO,# TODO,8,A-,83.2,# TODO,# TODO,,false,
NCES-5307530-0003,Vashon Island High,public,high,NCES-5307530,Vashon Island School District,# TODO,Vashon,WA,98070,# TODO,# TODO,# TODO,# TODO,# TODO,8,A-,83.2,# TODO,# TODO,,false,
NCES-5302430-0001,Silver Lake Elementary,public,elem,NCES-5302430,Everett School District,# TODO,Everett,WA,98208,# TODO,# TODO,# TODO,# TODO,# TODO,8,A-,83.2,# TODO,# TODO,2020,false,
NCES-5302430-0002,Mill Creek Elementary,public,elem,NCES-5302430,Everett School District,# TODO,Mill Creek,WA,98012,# TODO,# TODO,# TODO,# TODO,# TODO,9,A,90.8,# TODO,# TODO,2020,false,
NCES-5302430-0003,Forest View Elementary,public,elem,NCES-5302430,Everett School District,# TODO,Everett,WA,98208,# TODO,# TODO,# TODO,# TODO,# TODO,8,A-,83.2,# TODO,# TODO,2020,false,
NCES-5302430-0004,Penny Creek Elementary,public,elem,NCES-5302430,Everett School District,# TODO,Mill Creek,WA,98012,# TODO,# TODO,# TODO,# TODO,# TODO,9,A,90.8,# TODO,# TODO,2020,false,
NCES-5302430-0005,Cedar Wood Elementary,public,elem,NCES-5302430,Everett School District,# TODO,Bothell,WA,98012,# TODO,# TODO,# TODO,# TODO,# TODO,8,A-,83.2,# TODO,# TODO,2020,false,
NCES-5302430-0006,Woodside Elementary,public,elem,NCES-5302430,Everett School District,# TODO,Everett,WA,98208,# TODO,# TODO,# TODO,# TODO,# TODO,7,B+,76.0,# TODO,# TODO,2020,false,
NCES-5302430-0007,Silver Firs Elementary,public,elem,NCES-5302430,Everett School District,# TODO,Everett,WA,98208,# TODO,# TODO,# TODO,# TODO,# TODO,8,A-,83.2,# TODO,# TODO,2020,false,
NCES-5302430-0008,Garfield Elementary,public,elem,NCES-5302430,Everett School District,# TODO,Everett,WA,98201,# TODO,# TODO,# TODO,# TODO,# TODO,5,B-,61.2,# TODO,# TODO,2020,false,
NCES-5302430-0009,Madison Elementary,public,elem,NCES-5302430,Everett School District,# TODO,Everett,WA,98203,# TODO,# TODO,# TODO,# TODO,# TODO,5,B-,61.2,# TODO,# TODO,2020,false,
NCES-5302430-0010,View Ridge Elementary,public,elem,NCES-5302430,Everett School District,# TODO,Everett,WA,98203,# TODO,# TODO,# TODO,# TODO,# TODO,6,B,68.8,# TODO,# TODO,2020,false,
NCES-5302430-0011,Hawthorne Elementary,public,elem,NCES-5302430,Everett School District,# TODO,Everett,WA,98203,# TODO,# TODO,# TODO,# TODO,# TODO,5,B-,61.2,# TODO,# TODO,2020,false,
NCES-5302430-0012,Whittier Elementary,public,elem,NCES-5302430,Everett School District,# TODO,Everett,WA,98203,# TODO,# TODO,# TODO,# TODO,# TODO,5,B-,61.2,# TODO,# TODO,2020,false,
NCES-5302430-0013,Jefferson Elementary,public,elem,NCES-5302430,Everett School District,# TODO,Everett,WA,98201,# TODO,# TODO,# TODO,# TODO,# TODO,5,B-,61.2,# TODO,# TODO,2020,false,
NCES-5302430-0014,Heatherwood Middle,public,middle,NCES-5302430,Everett School District,# TODO,Mill Creek,WA,98012,# TODO,# TODO,# TODO,# TODO,# TODO,8,A-,83.2,# TODO,# TODO,2020,false,
NCES-5302430-0015,Gateway Middle,public,middle,NCES-5302430,Everett School District,# TODO,Everett,WA,98208,# TODO,# TODO,# TODO,# TODO,# TODO,7,B+,76.0,# TODO,# TODO,2020,false,
NCES-5302430-0016,Eisenhower Middle,public,middle,NCES-5302430,Everett School District,# TODO,Everett,WA,98208,# TODO,# TODO,# TODO,# TODO,# TODO,7,B+,76.0,# TODO,# TODO,2020,false,
NCES-5302430-0017,Evergreen Middle,public,middle,NCES-5302430,Everett School District,# TODO,Everett,WA,98203,# TODO,# TODO,# TODO,# TODO,# TODO,5,B-,61.2,# TODO,# TODO,2020,false,
NCES-5302430-0018,North Middle,public,middle,NCES-5302430,Everett School District,# TODO,Everett,WA,98201,# TODO,# TODO,# TODO,# TODO,# TODO,5,B-,61.2,# TODO,# TODO,2020,false,
NCES-5302430-0019,Cascade High,public,high,NCES-5302430,Everett School District,# TODO,Everett,WA,98203,# TODO,# TODO,# TODO,# TODO,# TODO,6,B,68.8,# TODO,# TODO,2020,false,
NCES-5302430-0020,Everett High,public,high,NCES-5302430,Everett School District,# TODO,Everett,WA,98201,# TODO,# TODO,# TODO,# TODO,# TODO,5,B-,61.2,# TODO,# TODO,2020,false,
NCES-5302430-0021,Henry M. Jackson High,public,high,NCES-5302430,Everett School District,# TODO,Mill Creek,WA,98012,# TODO,# TODO,# TODO,# TODO,# TODO,8,A-,83.2,# TODO,# TODO,2020,false,
NCES-5305430-0001,Columbia Elementary,public,elem,NCES-5305430,Mukilteo School District,# TODO,Mukilteo,WA,98275,# TODO,# TODO,# TODO,# TODO,# TODO,7,B+,76.0,# TODO,# TODO,2018,false,
NCES-5305430-0002,Endeavour Elementary,public,elem,NCES-5305430,Mukilteo School District,# TODO,Mukilteo,WA,98275,# TODO,# TODO,# TODO,# TODO,# TODO,8,A-,83.2,# TODO,# TODO,2018,false,
NCES-5305430-0003,Mukilteo Elementary,public,elem,NCES-5305430,Mukilteo School District,# TODO,Mukilteo,WA,98275,# TODO,# TODO,# TODO,# TODO,# TODO,8,A-,83.2,# TODO,# TODO,2018,false,
NCES-5305430-0004,Olympic View Elementary,public,elem,NCES-5305430,Mukilteo School District,# TODO,Mukilteo,WA,98275,# TODO,# TODO,# TODO,# TODO,# TODO,8,A-,83.2,# TODO,# TODO,2018,false,
NCES-5305430-0005,Discovery Elementary,public,elem,NCES-5305430,Mukilteo School District,# TODO,Mukilteo,WA,98275,# TODO,# TODO,# TODO,# TODO,# TODO,8,A-,83.2,# TODO,# TODO,2018,false,
NCES-5305430-0006,Picnic Point Elementary,public,elem,NCES-5305430,Mukilteo School District,# TODO,Edmonds,WA,98026,# TODO,# TODO,# TODO,# TODO,# TODO,8,A-,83.2,# TODO,# TODO,2018,false,
NCES-5305430-0007,Horizon Elementary,public,elem,NCES-5305430,Mukilteo School District,# TODO,Everett,WA,98204,# TODO,# TODO,# TODO,# TODO,# TODO,5,B-,61.2,# TODO,# TODO,2018,false,
NCES-5305430-0008,Lake Stickney Elementary,public,elem,NCES-5305430,Mukilteo School District,# TODO,Lynnwood,WA,98087,# TODO,# TODO,# TODO,# TODO,# TODO,6,B,68.8,# TODO,# TODO,2018,false,
NCES-5305430-0009,Harbour Pointe Middle,public,middle,NCES-5305430,Mukilteo School District,# TODO,Mukilteo,WA,98275,# TODO,# TODO,# TODO,# TODO,# TODO,8,A-,83.2,# TODO,# TODO,2018,false,
NCES-5305430-0010,Olympic Middle,public,middle,NCES-5305430,Mukilteo School District,# TODO,Mukilteo,WA,98275,# TODO,# TODO,# TODO,# TODO,# TODO,7,B+,76.0,# TODO,# TODO,2018,false,
NCES-5305430-0011,Voyager Middle,public,middle,NCES-5305430,Mukilteo School District,# TODO,Everett,WA,98204,# TODO,# TODO,# TODO,# TODO,# TODO,5,B-,61.2,# TODO,# TODO,2018,false,
NCES-5305430-0012,Kamiak High,public,high,NCES-5305430,Mukilteo School District,# TODO,Mukilteo,WA,98275,# TODO,# TODO,# TODO,# TODO,# TODO,8,A-,83.2,# TODO,# TODO,2018,false,
NCES-5305430-0013,Mariner High,public,high,NCES-5305430,Mukilteo School District,# TODO,Everett,WA,98204,# TODO,# TODO,# TODO,# TODO,# TODO,5,B-,61.2,# TODO,# TODO,2018,false,
NCES-5305160-0001,Quil Ceda / Tulalip Elementary,public,elem,NCES-5305160,Marysville School District,# TODO,Tulalip,WA,98271,# TODO,# TODO,# TODO,# TODO,# TODO,4,C+,54.0,# TODO,# TODO,2018,true,Serves Tulalip Reservation per intergovt agreement.
NCES-5305160-0002,Cascade Elementary,public,elem,NCES-5305160,Marysville School District,# TODO,Marysville,WA,98270,# TODO,# TODO,# TODO,# TODO,# TODO,5,B-,61.2,# TODO,# TODO,2018,true,
NCES-5305160-0003,Liberty Elementary,public,elem,NCES-5305160,Marysville School District,# TODO,Marysville,WA,98270,# TODO,# TODO,# TODO,# TODO,# TODO,6,B,68.8,# TODO,# TODO,2018,true,
NCES-5305160-0004,Marshall Elementary,public,elem,NCES-5305160,Marysville School District,# TODO,Marysville,WA,98270,# TODO,# TODO,# TODO,# TODO,# TODO,5,B-,61.2,# TODO,# TODO,2018,true,
NCES-5305160-0005,Pinewood Elementary,public,elem,NCES-5305160,Marysville School District,# TODO,Marysville,WA,98270,# TODO,# TODO,# TODO,# TODO,# TODO,5,B-,61.2,# TODO,# TODO,2018,true,
NCES-5305160-0006,Allen Creek Elementary,public,elem,NCES-5305160,Marysville School District,# TODO,Marysville,WA,98271,# TODO,# TODO,# TODO,# TODO,# TODO,6,B,68.8,# TODO,# TODO,2018,true,
NCES-5305160-0007,Sunnyside Elementary,public,elem,NCES-5305160,Marysville School District,# TODO,Marysville,WA,98270,# TODO,# TODO,# TODO,# TODO,# TODO,5,B-,61.2,# TODO,# TODO,2018,true,
NCES-5305160-0008,Kellogg Marsh Elementary,public,elem,NCES-5305160,Marysville School District,# TODO,Marysville,WA,98271,# TODO,# TODO,# TODO,# TODO,# TODO,5,B-,61.2,# TODO,# TODO,2018,true,
NCES-5305160-0009,Grove Elementary,public,elem,NCES-5305160,Marysville School District,# TODO,Marysville,WA,98271,# TODO,# TODO,# TODO,# TODO,# TODO,5,B-,61.2,# TODO,# TODO,2018,true,
NCES-5305160-0010,Marysville Middle,public,middle,NCES-5305160,Marysville School District,# TODO,Marysville,WA,98270,# TODO,# TODO,# TODO,# TODO,# TODO,4,C+,54.0,# TODO,# TODO,2018,true,
NCES-5305160-0011,Cedarcrest Middle,public,middle,NCES-5305160,Marysville School District,# TODO,Marysville,WA,98270,# TODO,# TODO,# TODO,# TODO,# TODO,5,B-,61.2,# TODO,# TODO,2018,true,
NCES-5305160-0012,Totem Middle,public,middle,NCES-5305160,Marysville School District,# TODO,Marysville,WA,98270,# TODO,# TODO,# TODO,# TODO,# TODO,4,C+,54.0,# TODO,# TODO,2018,true,
NCES-5305160-0013,Marysville Pilchuck High,public,high,NCES-5305160,Marysville School District,# TODO,Marysville,WA,98270,# TODO,# TODO,# TODO,# TODO,# TODO,5,B-,61.2,# TODO,# TODO,2018,true,
NCES-5305160-0014,Marysville Getchell Campus,public,high,NCES-5305160,Marysville School District,# TODO,Marysville,WA,98271,# TODO,# TODO,# TODO,# TODO,# TODO,5,B-,61.2,# TODO,# TODO,2018,true,
NCES-5305160-0015,Heritage High,public,high,NCES-5305160,Marysville School District,# TODO,Tulalip,WA,98271,# TODO,# TODO,# TODO,# TODO,# TODO,4,C+,54.0,# TODO,# TODO,2018,true,Tulalip-aligned alternative.
NCES-5306570-0001,Cathcart Elementary,public,elem,NCES-5306570,Snohomish School District,# TODO,Snohomish,WA,98296,# TODO,# TODO,# TODO,# TODO,# TODO,8,A-,83.2,# TODO,# TODO,2019,false,
NCES-5306570-0002,Dutch Hill Elementary,public,elem,NCES-5306570,Snohomish School District,# TODO,Snohomish,WA,98290,# TODO,# TODO,# TODO,# TODO,# TODO,8,A-,83.2,# TODO,# TODO,2019,false,
NCES-5306570-0003,Emerson Elementary,public,elem,NCES-5306570,Snohomish School District,# TODO,Snohomish,WA,98290,# TODO,# TODO,# TODO,# TODO,# TODO,7,B+,76.0,# TODO,# TODO,2019,false,
NCES-5306570-0004,Little Cedars Elementary,public,elem,NCES-5306570,Snohomish School District,# TODO,Snohomish,WA,98290,# TODO,# TODO,# TODO,# TODO,# TODO,8,A-,83.2,# TODO,# TODO,2019,false,
NCES-5306570-0005,Machias Elementary,public,elem,NCES-5306570,Snohomish School District,# TODO,Snohomish,WA,98290,# TODO,# TODO,# TODO,# TODO,# TODO,8,A-,83.2,# TODO,# TODO,2019,false,
NCES-5306570-0006,Riverview Elementary,public,elem,NCES-5306570,Snohomish School District,# TODO,Snohomish,WA,98290,# TODO,# TODO,# TODO,# TODO,# TODO,7,B+,76.0,# TODO,# TODO,2019,false,
NCES-5306570-0007,Seattle Hill Elementary,public,elem,NCES-5306570,Snohomish School District,# TODO,Snohomish,WA,98296,# TODO,# TODO,# TODO,# TODO,# TODO,8,A-,83.2,# TODO,# TODO,2019,false,
NCES-5306570-0008,Totem Falls Elementary,public,elem,NCES-5306570,Snohomish School District,# TODO,Snohomish,WA,98296,# TODO,# TODO,# TODO,# TODO,# TODO,8,A-,83.2,# TODO,# TODO,2019,false,
NCES-5306570-0009,Centennial Middle,public,middle,NCES-5306570,Snohomish School District,# TODO,Snohomish,WA,98290,# TODO,# TODO,# TODO,# TODO,# TODO,7,B+,76.0,# TODO,# TODO,2019,false,
NCES-5306570-0010,Valley View Middle,public,middle,NCES-5306570,Snohomish School District,# TODO,Snohomish,WA,98290,# TODO,# TODO,# TODO,# TODO,# TODO,8,A-,83.2,# TODO,# TODO,2019,false,
NCES-5306570-0011,Snohomish High,public,high,NCES-5306570,Snohomish School District,# TODO,Snohomish,WA,98290,# TODO,# TODO,# TODO,# TODO,# TODO,7,B+,76.0,# TODO,# TODO,2019,false,
NCES-5306570-0012,Glacier Peak High,public,high,NCES-5306570,Snohomish School District,# TODO,Snohomish,WA,98296,# TODO,# TODO,# TODO,# TODO,# TODO,8,A-,83.2,# TODO,# TODO,2019,false,
NCES-5304770-0001,Glenwood Elementary,public,elem,NCES-5304770,Lake Stevens School District,# TODO,Lake Stevens,WA,98258,# TODO,# TODO,# TODO,# TODO,# TODO,8,A-,83.2,# TODO,# TODO,2019,false,
NCES-5304770-0002,Highland Elementary,public,elem,NCES-5304770,Lake Stevens School District,# TODO,Lake Stevens,WA,98258,# TODO,# TODO,# TODO,# TODO,# TODO,8,A-,83.2,# TODO,# TODO,2019,false,
NCES-5304770-0003,Hillcrest Elementary,public,elem,NCES-5304770,Lake Stevens School District,# TODO,Lake Stevens,WA,98258,# TODO,# TODO,# TODO,# TODO,# TODO,7,B+,76.0,# TODO,# TODO,2019,false,
NCES-5304770-0004,Mt. Pilchuck Elementary,public,elem,NCES-5304770,Lake Stevens School District,# TODO,Lake Stevens,WA,98258,# TODO,# TODO,# TODO,# TODO,# TODO,7,B+,76.0,# TODO,# TODO,2019,false,
NCES-5304770-0005,Skyline Elementary,public,elem,NCES-5304770,Lake Stevens School District,# TODO,Lake Stevens,WA,98258,# TODO,# TODO,# TODO,# TODO,# TODO,7,B+,76.0,# TODO,# TODO,2019,false,
NCES-5304770-0006,Sunnycrest Elementary,public,elem,NCES-5304770,Lake Stevens School District,# TODO,Lake Stevens,WA,98258,# TODO,# TODO,# TODO,# TODO,# TODO,7,B+,76.0,# TODO,# TODO,2019,false,
NCES-5304770-0007,Lake Stevens Middle,public,middle,NCES-5304770,Lake Stevens School District,# TODO,Lake Stevens,WA,98258,# TODO,# TODO,# TODO,# TODO,# TODO,7,B+,76.0,# TODO,# TODO,2019,false,
NCES-5304770-0008,North Lake Middle,public,middle,NCES-5304770,Lake Stevens School District,# TODO,Lake Stevens,WA,98258,# TODO,# TODO,# TODO,# TODO,# TODO,7,B+,76.0,# TODO,# TODO,2019,false,
NCES-5304770-0009,Cavelero Mid High,public,middle,NCES-5304770,Lake Stevens School District,# TODO,Lake Stevens,WA,98258,# TODO,# TODO,# TODO,# TODO,# TODO,7,B+,76.0,# TODO,# TODO,2019,false,
NCES-5304770-0010,Lake Stevens High,public,high,NCES-5304770,Lake Stevens School District,# TODO,Lake Stevens,WA,98258,# TODO,# TODO,# TODO,# TODO,# TODO,7,B+,76.0,# TODO,# TODO,2019,false,
NCES-5305400-0001,Chain Lake Elementary,public,elem,NCES-5305400,Monroe School District,# TODO,Monroe,WA,98272,# TODO,# TODO,# TODO,# TODO,# TODO,6,B,68.8,# TODO,# TODO,2018,false,
NCES-5305400-0002,Frank Wagner Elementary,public,elem,NCES-5305400,Monroe School District,# TODO,Monroe,WA,98272,# TODO,# TODO,# TODO,# TODO,# TODO,5,B-,61.2,# TODO,# TODO,2018,false,
NCES-5305400-0003,Fryelands Elementary,public,elem,NCES-5305400,Monroe School District,# TODO,Monroe,WA,98272,# TODO,# TODO,# TODO,# TODO,# TODO,8,A-,83.2,# TODO,# TODO,2018,false,
NCES-5305400-0004,Maltby Elementary,public,elem,NCES-5305400,Monroe School District,# TODO,Snohomish,WA,98296,# TODO,# TODO,# TODO,# TODO,# TODO,8,A-,83.2,# TODO,# TODO,2018,false,
NCES-5305400-0005,Salem Woods Elementary,public,elem,NCES-5305400,Monroe School District,# TODO,Monroe,WA,98272,# TODO,# TODO,# TODO,# TODO,# TODO,7,B+,76.0,# TODO,# TODO,2018,false,
NCES-5305400-0006,Hidden River Middle,public,middle,NCES-5305400,Monroe School District,# TODO,Monroe,WA,98272,# TODO,# TODO,# TODO,# TODO,# TODO,6,B,68.8,# TODO,# TODO,2018,false,
NCES-5305400-0007,Park Place Middle,public,middle,NCES-5305400,Monroe School District,# TODO,Monroe,WA,98272,# TODO,# TODO,# TODO,# TODO,# TODO,6,B,68.8,# TODO,# TODO,2018,false,
NCES-5305400-0008,Monroe High,public,high,NCES-5305400,Monroe School District,# TODO,Monroe,WA,98272,# TODO,# TODO,# TODO,# TODO,# TODO,6,B,68.8,# TODO,# TODO,2018,false,
NCES-5306750-0001,Sultan Elementary,public,elem,NCES-5306750,Sultan School District,# TODO,Sultan,WA,98294,# TODO,# TODO,# TODO,# TODO,# TODO,5,B-,61.2,# TODO,# TODO,2017,false,
NCES-5306750-0002,Gold Bar Elementary,public,elem,NCES-5306750,Sultan School District,# TODO,Gold Bar,WA,98251,# TODO,# TODO,# TODO,# TODO,# TODO,5,B-,61.2,# TODO,# TODO,2017,false,
NCES-5306750-0003,Sultan Middle,public,middle,NCES-5306750,Sultan School District,# TODO,Sultan,WA,98294,# TODO,# TODO,# TODO,# TODO,# TODO,4,C+,54.0,# TODO,# TODO,2017,false,
NCES-5306750-0004,Sultan High,public,high,NCES-5306750,Sultan School District,# TODO,Sultan,WA,98294,# TODO,# TODO,# TODO,# TODO,# TODO,4,C+,54.0,# TODO,# TODO,2017,false,
NCES-5303030-0001,Granite Falls Elementary,public,elem,NCES-5303030,Granite Falls School District,# TODO,Granite Falls,WA,98252,# TODO,# TODO,# TODO,# TODO,# TODO,5,B-,61.2,# TODO,# TODO,2018,false,
NCES-5303030-0002,Mountain Way Elementary,public,elem,NCES-5303030,Granite Falls School District,# TODO,Granite Falls,WA,98252,# TODO,# TODO,# TODO,# TODO,# TODO,6,B,68.8,# TODO,# TODO,2018,false,
NCES-5303030-0003,Granite Falls Middle,public,middle,NCES-5303030,Granite Falls School District,# TODO,Granite Falls,WA,98252,# TODO,# TODO,# TODO,# TODO,# TODO,5,B-,61.2,# TODO,# TODO,2018,false,
NCES-5303030-0004,Granite Falls High,public,high,NCES-5303030,Granite Falls School District,# TODO,Granite Falls,WA,98252,# TODO,# TODO,# TODO,# TODO,# TODO,5,B-,61.2,# TODO,# TODO,2018,false,
NCES-5300150-0001,Pioneer Elementary,public,elem,NCES-5300150,Arlington School District,# TODO,Arlington,WA,98223,# TODO,# TODO,# TODO,# TODO,# TODO,6,B,68.8,# TODO,# TODO,2019,false,
NCES-5300150-0002,Eagle Creek Elementary,public,elem,NCES-5300150,Arlington School District,# TODO,Arlington,WA,98223,# TODO,# TODO,# TODO,# TODO,# TODO,6,B,68.8,# TODO,# TODO,2019,false,
NCES-5300150-0003,Post Middle,public,middle,NCES-5300150,Arlington School District,# TODO,Arlington,WA,98223,# TODO,# TODO,# TODO,# TODO,# TODO,6,B,68.8,# TODO,# TODO,2019,false,
NCES-5300150-0004,Arlington High,public,high,NCES-5300150,Arlington School District,# TODO,Arlington,WA,98223,# TODO,# TODO,# TODO,# TODO,# TODO,6,B,68.8,# TODO,# TODO,2019,false,
NCES-5304710-0001,Lakewood Elementary,public,elem,NCES-5304710,Lakewood School District (Snohomish),# TODO,Arlington,WA,98223,# TODO,# TODO,# TODO,# TODO,# TODO,6,B,68.8,# TODO,# TODO,2018,false,Snohomish County district; not Pierce.
NCES-5304710-0002,Lakewood Middle,public,middle,NCES-5304710,Lakewood School District (Snohomish),# TODO,Arlington,WA,98223,# TODO,# TODO,# TODO,# TODO,# TODO,6,B,68.8,# TODO,# TODO,2018,false,
NCES-5304710-0003,Lakewood High,public,high,NCES-5304710,Lakewood School District (Snohomish),# TODO,Arlington,WA,98223,# TODO,# TODO,# TODO,# TODO,# TODO,6,B,68.8,# TODO,# TODO,2018,false,
NCES-5306690-0001,Stanwood Elementary,public,elem,NCES-5306690,Stanwood-Camano School District,# TODO,Stanwood,WA,98292,# TODO,# TODO,# TODO,# TODO,# TODO,7,B+,76.0,# TODO,# TODO,2018,false,Clip to FIPS 53061 to exclude Island County.
NCES-5306690-0002,Twin City Elementary,public,elem,NCES-5306690,Stanwood-Camano School District,# TODO,Stanwood,WA,98292,# TODO,# TODO,# TODO,# TODO,# TODO,7,B+,76.0,# TODO,# TODO,2018,false,
NCES-5306690-0003,Stanwood Middle,public,middle,NCES-5306690,Stanwood-Camano School District,# TODO,Stanwood,WA,98292,# TODO,# TODO,# TODO,# TODO,# TODO,7,B+,76.0,# TODO,# TODO,2018,false,
NCES-5306690-0004,Stanwood High,public,high,NCES-5306690,Stanwood-Camano School District,# TODO,Stanwood,WA,98292,# TODO,# TODO,# TODO,# TODO,# TODO,8,A-,83.2,# TODO,# TODO,2018,false,
NCES-5301710-0001,Darrington Elementary,public,elem,NCES-5301710,Darrington School District,# TODO,Darrington,WA,98241,# TODO,# TODO,# TODO,# TODO,# TODO,4,C+,54.0,# TODO,# TODO,,false,
NCES-5301710-0002,Darrington Middle,public,middle,NCES-5301710,Darrington School District,# TODO,Darrington,WA,98241,# TODO,# TODO,# TODO,# TODO,# TODO,4,C+,54.0,# TODO,# TODO,,false,
NCES-5301710-0003,Darrington High,public,high,NCES-5301710,Darrington School District,# TODO,Darrington,WA,98241,# TODO,# TODO,# TODO,# TODO,# TODO,4,C+,54.0,# TODO,# TODO,,false,
NCES-5303720-0001,Index Elementary K-8,public,k8,NCES-5303720,Index School District,# TODO,Index,WA,98256,# TODO,# TODO,# TODO,# TODO,# TODO,6,B,68.8,# TODO,# TODO,,false,Single K-8 site; very small.
WA-CSC-0001,Summit Sierra HS,charter,high,WA-CSC,WA Charter Schools Commission,# TODO,Seattle,WA,98144,# TODO,# TODO,# TODO,# TODO,# TODO,7,B+,76.0,# TODO,# TODO,,false,Charter; opened 2015.
WA-CSC-0002,Summit Atlas K-12,charter,k12,WA-CSC,WA Charter Schools Commission,# TODO,Seattle,WA,98106,# TODO,# TODO,# TODO,# TODO,# TODO,6,B,68.8,# TODO,# TODO,,false,
WA-CSC-0003,Rainier Prep Middle,charter,middle,WA-CSC,WA Charter Schools Commission,# TODO,Seattle,WA,98168,# TODO,# TODO,# TODO,# TODO,# TODO,6,B,68.8,# TODO,# TODO,,false,
WA-CSC-0004,Impact Puget Sound Elementary,charter,elem,WA-CSC,WA Charter Schools Commission,# TODO,Tukwila,WA,98168,# TODO,# TODO,# TODO,# TODO,# TODO,6,B,68.8,# TODO,# TODO,,false,
WA-CSC-0005,Lumen High School,charter,high,WA-CSC,WA Charter Schools Commission,# TODO,Seattle,WA,98144,# TODO,# TODO,# TODO,# TODO,# TODO,5,B-,61.2,# TODO,# TODO,,false,
PRIV-LAKESIDE,Lakeside School,private_secular,k12,PRIVATE,N/A,# TODO,Seattle,WA,98133,# TODO,# TODO,# TODO,# TODO,# TODO,# TODO: source needed - GreatSchools,A+,98.0,# TODO,# TODO,,false,Top independent in state.
PRIV-BUSH,The Bush School,private_secular,k12,PRIVATE,N/A,# TODO,Seattle,WA,98112,# TODO,# TODO,# TODO,# TODO,# TODO,# TODO: source needed - GreatSchools,A+,98.0,# TODO,# TODO,,false,
PRIV-EPIPHANY,Epiphany School,private_religious,elem,PRIVATE,N/A,# TODO,Seattle,WA,98122,# TODO,# TODO,# TODO,# TODO,# TODO,# TODO: source needed - GreatSchools,A,92.0,# TODO,# TODO,,false,Episcopal.
PRIV-STTHOMAS,St. Thomas School,private_religious,k8,PRIVATE,N/A,# TODO,Medina,WA,98039,# TODO,# TODO,# TODO,# TODO,# TODO,# TODO: source needed - GreatSchools,A+,98.0,# TODO,# TODO,,false,Episcopal.
PRIV-OVERLAKE,The Overlake School,private_secular,k12,PRIVATE,N/A,# TODO,Redmond,WA,98052,# TODO,# TODO,# TODO,# TODO,# TODO,# TODO: source needed - GreatSchools,A+,98.0,# TODO,# TODO,,false,
PRIV-FAPS,French American School of Puget Sound,private_secular,k8,PRIVATE,N/A,# TODO,Mercer Island,WA,98040,# TODO,# TODO,# TODO,# TODO,# TODO,# TODO: source needed - GreatSchools,A,92.0,# TODO,# TODO,,false,
PRIV-EASTSIDECATH,Eastside Catholic,private_religious,k12,PRIVATE,N/A,# TODO,Sammamish,WA,98075,# TODO,# TODO,# TODO,# TODO,# TODO,# TODO: source needed - GreatSchools,A,92.0,# TODO,# TODO,,false,
PRIV-FORESTRIDGE,Forest Ridge Sacred Heart,private_religious,k12,PRIVATE,N/A,# TODO,Bellevue,WA,98006,# TODO,# TODO,# TODO,# TODO,# TODO,# TODO: source needed - GreatSchools,A,92.0,# TODO,# TODO,,false,
PRIV-SEATTLEACAD,Seattle Academy,private_secular,k12,PRIVATE,N/A,# TODO,Seattle,WA,98122,# TODO,# TODO,# TODO,# TODO,# TODO,# TODO: source needed - GreatSchools,A+,98.0,# TODO,# TODO,,false,
PRIV-BLANCHET,Bishop Blanchet HS,private_religious,high,PRIVATE,N/A,# TODO,Seattle,WA,98133,# TODO,# TODO,# TODO,# TODO,# TODO,# TODO: source needed - GreatSchools,A-,88.0,# TODO,# TODO,,false,Catholic.
PRIV-ODEA,O'Dea HS,private_religious,high,PRIVATE,N/A,# TODO,Seattle,WA,98144,# TODO,# TODO,# TODO,# TODO,# TODO,# TODO: source needed - GreatSchools,A-,88.0,# TODO,# TODO,,false,Catholic boys.
PRIV-VILLA,Villa Academy,private_religious,k8,PRIVATE,N/A,# TODO,Seattle,WA,98125,# TODO,# TODO,# TODO,# TODO,# TODO,# TODO: source needed - GreatSchools,A,92.0,# TODO,# TODO,,false,Catholic.
PRIV-HOLYROSARY,Holy Rosary West Seattle,private_religious,k8,PRIVATE,N/A,# TODO,Seattle,WA,98116,# TODO,# TODO,# TODO,# TODO,# TODO,# TODO: source needed - GreatSchools,A-,88.0,# TODO,# TODO,,false,Catholic.
PRIV-STJOSEPH,St. Joseph School,private_religious,k8,PRIVATE,N/A,# TODO,Seattle,WA,98102,# TODO,# TODO,# TODO,# TODO,# TODO,# TODO: source needed - GreatSchools,A,92.0,# TODO,# TODO,,false,Catholic.
PRIV-KGCATH,Kennedy Catholic HS,private_religious,high,PRIVATE,N/A,# TODO,Burien,WA,98166,# TODO,# TODO,# TODO,# TODO,# TODO,# TODO: source needed - GreatSchools,A-,88.0,# TODO,# TODO,,false,Catholic.
PRIV-OPENWNDW,Open Window School,private_secular,k8,PRIVATE,N/A,# TODO,Bellevue,WA,98006,# TODO,# TODO,# TODO,# TODO,# TODO,# TODO: source needed - GreatSchools,A,92.0,# TODO,# TODO,,false,Gifted focus.
PRIV-EVERGREEN,The Evergreen School,private_secular,k8,PRIVATE,N/A,# TODO,Shoreline,WA,98133,# TODO,# TODO,# TODO,# TODO,# TODO,# TODO: source needed - GreatSchools,A+,98.0,# TODO,# TODO,,false,
PRIV-NWYESHIVA,NW Yeshiva High School,private_religious,high,PRIVATE,N/A,# TODO,Mercer Island,WA,98040,# TODO,# TODO,# TODO,# TODO,# TODO,# TODO: source needed - GreatSchools,A,92.0,# TODO,# TODO,,false,Orthodox Jewish.
PRIV-SHA,Seattle Hebrew Academy,private_religious,k8,PRIVATE,N/A,# TODO,Seattle,WA,98112,# TODO,# TODO,# TODO,# TODO,# TODO,# TODO: source needed - GreatSchools,A-,88.0,# TODO,# TODO,,false,
PRIV-BCS,Bellevue Christian,private_religious,k12,PRIVATE,N/A,# TODO,Clyde Hill,WA,98004,# TODO,# TODO,# TODO,# TODO,# TODO,# TODO: source needed - GreatSchools,A-,88.0,# TODO,# TODO,,false,
PRIV-CEDARPARK,Cedar Park Christian,private_religious,k12,PRIVATE,N/A,# TODO,Bothell,WA,98011,# TODO,# TODO,# TODO,# TODO,# TODO,# TODO: source needed - GreatSchools,B+,85.0,# TODO,# TODO,,false,
PRIV-KINGS,King's Schools,private_religious,k12,PRIVATE,N/A,# TODO,Shoreline,WA,98133,# TODO,# TODO,# TODO,# TODO,# TODO,# TODO: source needed - GreatSchools,B+,85.0,# TODO,# TODO,,false,Christian.
PRIV-SOUNDVIEW,Soundview School,private_secular,k8,PRIVATE,N/A,# TODO,Lynnwood,WA,98036,# TODO,# TODO,# TODO,# TODO,# TODO,# TODO: source needed - GreatSchools,A,92.0,# TODO,# TODO,,false,IB private.
PRIV-MURPHY,Archbishop Murphy HS,private_religious,high,PRIVATE,N/A,# TODO,Everett,WA,98208,# TODO,# TODO,# TODO,# TODO,# TODO,# TODO: source needed - GreatSchools,A,92.0,# TODO,# TODO,,false,Catholic.
PRIV-OLG,Our Lady of Guadalupe,private_religious,elem,PRIVATE,N/A,# TODO,Seattle,WA,98106,# TODO,# TODO,# TODO,# TODO,# TODO,# TODO: source needed - GreatSchools,B+,85.0,# TODO,# TODO,,false,Catholic.
PRIV-STLUKE,St. Luke School,private_religious,k8,PRIVATE,N/A,# TODO,Shoreline,WA,98155,# TODO,# TODO,# TODO,# TODO,# TODO,# TODO: source needed - GreatSchools,A-,88.0,# TODO,# TODO,,false,Catholic.
PRIV-STMATTHEW,St. Matthew School,private_religious,k8,PRIVATE,N/A,# TODO,Seattle,WA,98125,# TODO,# TODO,# TODO,# TODO,# TODO,# TODO: source needed - GreatSchools,A-,88.0,# TODO,# TODO,,false,Catholic.
PRIV-STPATRICK,St. Patrick School,private_religious,k8,PRIVATE,N/A,# TODO,Seattle,WA,98102,# TODO,# TODO,# TODO,# TODO,# TODO,# TODO: source needed - GreatSchools,A-,88.0,# TODO,# TODO,,false,Catholic.
PRIV-ISLAMIC,Islamic School of Seattle,private_religious,elem,PRIVATE,N/A,# TODO,Seattle,WA,98144,# TODO,# TODO,# TODO,# TODO,# TODO,# TODO: source needed - GreatSchools,# TODO: source needed - Niche,# TODO: source needed - GreatSchools,# TODO,# TODO,,false,Private; no published rating in this session.
